-- --------------------------------------------------------
-- 호스트:                          192.168.56.66
-- 서버 버전:                        10.3.22-MariaDB - mariadb.org binary distribution
-- 서버 OS:                        Win64
-- HeidiSQL 버전:                  10.2.0.5599
-- --------------------------------------------------------

/*!40101 SET @OLD_CHARACTER_SET_CLIENT=@@CHARACTER_SET_CLIENT */;
/*!40101 SET NAMES utf8 */;
/*!50503 SET NAMES utf8mb4 */;
/*!40014 SET @OLD_FOREIGN_KEY_CHECKS=@@FOREIGN_KEY_CHECKS, FOREIGN_KEY_CHECKS=0 */;
/*!40101 SET @OLD_SQL_MODE=@@SQL_MODE, SQL_MODE='NO_AUTO_VALUE_ON_ZERO' */;


-- kospiece_ex2 데이터베이스 구조 내보내기
CREATE DATABASE IF NOT EXISTS `kospiece_ex2` /*!40100 DEFAULT CHARACTER SET utf8 */;
USE `kospiece_ex2`;

-- 테이블 kospiece_ex2.datestock 구조 내보내기
CREATE TABLE IF NOT EXISTS `datestock` (
  `dno` int(11) NOT NULL AUTO_INCREMENT,
  `sno` varchar(20) DEFAULT '111',
  `ddate` date DEFAULT NULL,
  `dstart` int(255) DEFAULT NULL,
  `dhigh` int(255) DEFAULT NULL,
  `drow` int(255) DEFAULT NULL,
  `dend` int(255) DEFAULT NULL,
  PRIMARY KEY (`dno`),
  KEY `DateStock_sno_f` (`sno`),
  CONSTRAINT `DateStock_sno_f` FOREIGN KEY (`sno`) REFERENCES `stock` (`sno`)
) ENGINE=InnoDB AUTO_INCREMENT=5 DEFAULT CHARSET=utf8;

-- 테이블 데이터 kospiece_ex2.datestock:~4 rows (대략적) 내보내기
/*!40000 ALTER TABLE `datestock` DISABLE KEYS */;
INSERT INTO `datestock` (`dno`, `sno`, `ddate`, `dstart`, `dhigh`, `drow`, `dend`) VALUES
	(1, '005930', '2020-05-15', 48400, 48450, 47700, 47850),
	(2, '005930', '2020-05-14', 47750, 48100, 47650, 48000),
	(3, '005930', '2020-05-13', 47250, 48550, 47200, 48550),
	(4, '005930', '2020-05-12', 48400, 48500, 47550, 47900);
/*!40000 ALTER TABLE `datestock` ENABLE KEYS */;

-- 테이블 kospiece_ex2.freeboard 구조 내보내기
CREATE TABLE IF NOT EXISTS `freeboard` (
  `fno` int(255) NOT NULL AUTO_INCREMENT,
  `fclass` varchar(20) NOT NULL DEFAULT '일반',
  `fmemnick` varchar(50) DEFAULT NULL,
  `ftitle` varchar(50) DEFAULT NULL,
  `fcontent` varchar(255) DEFAULT NULL,
  `fdate` timestamp NULL DEFAULT NULL,
  `fhit` int(255) DEFAULT NULL,
  PRIMARY KEY (`fno`),
  CONSTRAINT `freeboard_fclass_c` CHECK (`fclass` in ('유머','일반','정보')),
  CONSTRAINT `freeboard_finterestclass_c` CHECK (`fclass` in ('유머','일반','정보'))
) ENGINE=InnoDB AUTO_INCREMENT=43 DEFAULT CHARSET=utf8;

-- 테이블 데이터 kospiece_ex2.freeboard:~37 rows (대략적) 내보내기
/*!40000 ALTER TABLE `freeboard` DISABLE KEYS */;
INSERT INTO `freeboard` (`fno`, `fclass`, `fmemnick`, `ftitle`, `fcontent`, `fdate`, `fhit`) VALUES
	(2, '일반', '유탱뿌잉', '내가 글을', '쓴다면?', '2020-05-08 00:00:00', 1),
	(3, '일반', '유탱뿌잉', '5월8일', '인서트 테스트', '2020-05-08 00:00:00', 0),
	(4, '일반', '111', '123', '123', '2020-05-12 00:00:00', 0),
	(5, '일반', '111', '123', '1234', '2020-05-08 07:15:15', 0),
	(6, '일반', '111', 'g', NULL, '2020-05-08 07:15:15', 0),
	(7, '일반', '111', 'g', NULL, '2020-05-08 07:15:15', 0),
	(8, '일반', '111', 'g', NULL, '2020-05-08 07:15:15', 0),
	(9, '일반', '111', 'g', NULL, '2020-05-08 07:15:15', 0),
	(10, '일반', '111', '12345', '12345', '2020-05-12 00:00:00', 0),
	(11, '일반', '111', '55', '55', '2020-05-12 00:00:00', 1),
	(12, '일반', '111', 'rh', 'rh', '2020-05-15 00:00:00', 0),
	(13, '일반', '111', 'ah', 'ah', '2020-05-12 00:00:00', 0),
	(14, '일반', '111', 'an', 'an', '2020-05-12 00:00:00', 1),
	(15, '일반', '111', '44', '44', '2020-05-13 00:00:00', 1),
	(16, '일반', '111', '55', '55', '2020-05-13 00:00:00', 5),
	(17, '일반', '111', '509', '509', '2020-05-13 00:00:00', 1),
	(18, '일반', '111', '123', '123', '2020-05-13 00:00:00', 3),
	(19, '일반', '111', '00', '000', '2020-05-13 00:00:00', 1),
	(22, '일반', '111', '111', '1111', '2020-05-13 00:00:00', 1),
	(23, '일반', '111', '유머 말머리는 잘 작동할까', '.', '2020-05-13 00:00:00', 5),
	(24, '일반', '111', '정보 도 잘 들어갈까', '.', '2020-05-13 00:00:00', 20),
	(25, '일반', 'humer', '유머 시험', '유머 시험', '2020-05-13 00:00:00', 0),
	(26, '일반', 'information', '50', '50', '2020-05-14 00:00:00', 1),
	(27, '정보', '지영8', '내 이름은 길동', 'r1234', '2020-05-14 00:00:00', 7),
	(28, '일반', '지영9', '일반글쓰기', '글쓰기', '2020-05-14 00:00:00', 4),
	(29, '일반', '지영9', '호호', '호호', '2020-05-14 00:00:00', 5),
	(32, '일반', '111', '아니용331', '아니용', '2020-05-15 00:00:00', 2),
	(33, '일반', '111', '물바용123123', '뭘바워ㅛㅇ', '2020-05-15 00:00:00', 9),
	(34, '일반', '태우띵', '1234', '1231312313', '2020-05-15 16:21:48', 1),
	(35, '일반', '지영', '꼬묵', '꼬복', '2020-05-15 16:26:52', 0),
	(36, '일반', '관리자2', '길동 왔다감', 'ㅎㅇ', '2020-05-15 07:42:00', 17),
	(37, '유머', '111', '님들 그거 앎?', '? 쿠쿠룻쿳쿠', '2020-05-15 17:08:23', 0),
	(38, '일반', '111', '11', '11', '2020-05-15 17:09:10', 0),
	(39, '일반', '태우', '탱굴뿡', '뿡따리', '2020-05-15 17:10:21', 0),
	(40, '일반', '111', '5090', '000', '2020-05-15 17:11:54', 1),
	(41, '일반', '태우', '탱굴뿡', '뿡따리', '2020-05-15 17:35:17', 1),
	(42, '일반', '111', '505410890489048940', '894089408940894089410895641089410891849405689489401564089410894089+', '2020-05-15 08:54:20', 0);
/*!40000 ALTER TABLE `freeboard` ENABLE KEYS */;

-- 테이블 kospiece_ex2.freecomment 구조 내보내기
CREATE TABLE IF NOT EXISTS `freecomment` (
  `fcno` int(11) NOT NULL AUTO_INCREMENT,
  `fcmemnick` varchar(50) DEFAULT NULL,
  `fno` int(255) DEFAULT NULL,
  `fcdate` timestamp NULL DEFAULT current_timestamp(),
  `fccontent` varchar(255) DEFAULT NULL,
  PRIMARY KEY (`fcno`),
  KEY `FreeComment_fcno_f` (`fno`),
  CONSTRAINT `FreeComment_fcno_f` FOREIGN KEY (`fno`) REFERENCES `freeboard` (`fno`)
) ENGINE=InnoDB AUTO_INCREMENT=8 DEFAULT CHARSET=utf8;

-- 테이블 데이터 kospiece_ex2.freecomment:~5 rows (대략적) 내보내기
/*!40000 ALTER TABLE `freecomment` DISABLE KEYS */;
INSERT INTO `freecomment` (`fcno`, `fcmemnick`, `fno`, `fcdate`, `fccontent`) VALUES
	(3, '지영', 22, NULL, '꼬북이'),
	(4, '11', 22, '2020-05-15 16:59:50', 'ㅇ ㅎㅇ'),
	(5, '111', 36, '2020-05-15 16:59:59', 'ㅇ ㅎㅇ'),
	(6, '111', 36, '2020-05-15 17:06:46', 'ㅇ ㅎㅇ'),
	(7, '11', 22, '2020-05-15 17:34:58', 'ㅇ ㅎㅇ');
/*!40000 ALTER TABLE `freecomment` ENABLE KEYS */;

-- 테이블 kospiece_ex2.hateboard 구조 내보내기
CREATE TABLE IF NOT EXISTS `hateboard` (
  `hno` int(11) NOT NULL AUTO_INCREMENT,
  `fcno` int(11) DEFAULT NULL,
  `hmemid` varchar(50) DEFAULT NULL,
  PRIMARY KEY (`hno`),
  KEY `HateBoard_hno_f` (`fcno`),
  CONSTRAINT `HateBoard_hno_f` FOREIGN KEY (`fcno`) REFERENCES `freecomment` (`fcno`)
) ENGINE=InnoDB DEFAULT CHARSET=utf8;

-- 테이블 데이터 kospiece_ex2.hateboard:~0 rows (대략적) 내보내기
/*!40000 ALTER TABLE `hateboard` DISABLE KEYS */;
/*!40000 ALTER TABLE `hateboard` ENABLE KEYS */;

-- 테이블 kospiece_ex2.interest 구조 내보내기
CREATE TABLE IF NOT EXISTS `interest` (
  `ino` int(11) NOT NULL AUTO_INCREMENT,
  `mno` int(11) DEFAULT NULL,
  `sno` varchar(20) DEFAULT '111',
  PRIMARY KEY (`ino`),
  UNIQUE KEY `interest_mnosno_c` (`mno`,`sno`),
  KEY `Interest_sno_f` (`sno`),
  CONSTRAINT `Interest_mno_f` FOREIGN KEY (`mno`) REFERENCES `member` (`mno`),
  CONSTRAINT `Interest_sno_f` FOREIGN KEY (`sno`) REFERENCES `stock` (`sno`)
) ENGINE=InnoDB AUTO_INCREMENT=211 DEFAULT CHARSET=utf8;

-- 테이블 데이터 kospiece_ex2.interest:~20 rows (대략적) 내보내기
/*!40000 ALTER TABLE `interest` DISABLE KEYS */;
INSERT INTO `interest` (`ino`, `mno`, `sno`) VALUES
	(186, 3, '042670'),
	(195, 7, '000150'),
	(204, 7, '000210'),
	(184, 7, '000270'),
	(200, 7, '000720'),
	(203, 7, '003240'),
	(183, 7, '003550'),
	(185, 7, '005930'),
	(197, 7, '007310'),
	(181, 7, '014680'),
	(207, 7, '019680'),
	(208, 7, '035250'),
	(199, 7, '047040'),
	(201, 7, '071840'),
	(182, 7, '073240'),
	(198, 7, '079430'),
	(192, 7, '139480'),
	(209, 7, '214320'),
	(206, 7, '271560'),
	(210, 20, '042670');
/*!40000 ALTER TABLE `interest` ENABLE KEYS */;

-- 테이블 kospiece_ex2.likeboard 구조 내보내기
CREATE TABLE IF NOT EXISTS `likeboard` (
  `lno` int(11) NOT NULL AUTO_INCREMENT,
  `fcno` int(11) DEFAULT NULL,
  `lmemid` varchar(50) DEFAULT NULL,
  PRIMARY KEY (`lno`),
  KEY `LikeBoard_lno_f` (`fcno`),
  CONSTRAINT `LikeBoard_lno_f` FOREIGN KEY (`fcno`) REFERENCES `freecomment` (`fcno`)
) ENGINE=InnoDB DEFAULT CHARSET=utf8;

-- 테이블 데이터 kospiece_ex2.likeboard:~0 rows (대략적) 내보내기
/*!40000 ALTER TABLE `likeboard` DISABLE KEYS */;
/*!40000 ALTER TABLE `likeboard` ENABLE KEYS */;

-- 테이블 kospiece_ex2.member 구조 내보내기
CREATE TABLE IF NOT EXISTS `member` (
  `mno` int(11) NOT NULL AUTO_INCREMENT,
  `mid` varchar(30) NOT NULL,
  `mnick` varchar(50) NOT NULL,
  `mpw` varchar(30) NOT NULL,
  `mname` varchar(30) NOT NULL,
  `mmail` varchar(50) NOT NULL,
  `mphone` varchar(50) NOT NULL,
  `mdate` date NOT NULL DEFAULT curdate(),
  `mdeposit` int(255) DEFAULT 10000000,
  `masset` int(255) DEFAULT 10000000,
  `mlastlogin` datetime NOT NULL DEFAULT current_timestamp(),
  PRIMARY KEY (`mno`),
  UNIQUE KEY `Member_mid_u` (`mid`),
  UNIQUE KEY `Member_mmail_u` (`mmail`),
  UNIQUE KEY `Member_mnick_u` (`mnick`),
  UNIQUE KEY `Member_mphone_u` (`mphone`)
) ENGINE=InnoDB AUTO_INCREMENT=21 DEFAULT CHARSET=utf8;

-- 테이블 데이터 kospiece_ex2.member:~7 rows (대략적) 내보내기
/*!40000 ALTER TABLE `member` DISABLE KEYS */;
INSERT INTO `member` (`mno`, `mid`, `mnick`, `mpw`, `mname`, `mmail`, `mphone`, `mdate`, `mdeposit`, `masset`, `mlastlogin`) VALUES
	(3, 'skwls', '관리자1', '1111', 'jun', 'skwls123@naver.com', '010-1111-2222', '2020-05-11', 610510, 10000000, '0000-00-00 00:00:00'),
	(6, '333', '333', '1111', 'jun', '333@333', '333-333-333', '2020-05-11', 610510, 10000000, '2020-05-15 11:38:57'),
	(7, '111', '111', '1111', 'jun', '111@111', '010-111-1111', '2020-05-11', 130940, 10000000, '2020-05-15 17:21:41'),
	(11, 'jun', 'jun', 'jun', 'jun', 'lee@jun.com', '123-456-7890', '2020-05-11', 610510, 1000000, '2020-05-15 11:05:52'),
	(12, 'user1', '유저', '1111', 'jun', 'user1@naver.com', '010-1111-1124', '2020-05-12', 610510, 10000000, '0000-00-00 00:00:00'),
	(17, '222', '222', '1111', 'jun', '222@222', '222-222', '2020-05-14', 610510, 10000000, '0000-00-00 00:00:00'),
	(20, 'hong', '관리자2', '1234', '홍길동', 'admin@naver.com', '010-1234-4321', '2020-05-15', 10000000, 10000000, '2020-05-15 16:41:52');
/*!40000 ALTER TABLE `member` ENABLE KEYS */;

-- 테이블 kospiece_ex2.notice 구조 내보내기
CREATE TABLE IF NOT EXISTS `notice` (
  `nno` int(11) NOT NULL AUTO_INCREMENT,
  `ntitle` varchar(50) DEFAULT NULL,
  `ncontent` varchar(255) DEFAULT NULL,
  `ndate` date DEFAULT curdate(),
  `nhit` int(255) DEFAULT 0,
  PRIMARY KEY (`nno`)
) ENGINE=InnoDB AUTO_INCREMENT=56 DEFAULT CHARSET=utf8;

-- 테이블 데이터 kospiece_ex2.notice:~55 rows (대략적) 내보내기
/*!40000 ALTER TABLE `notice` DISABLE KEYS */;
INSERT INTO `notice` (`nno`, `ntitle`, `ncontent`, `ndate`, `nhit`) VALUES
	(1, '2342', '3424', NULL, NULL),
	(2, '첫번째 공지사항', '코스피스 첫번째 공지사항입니다. 안녕하세요 관리자입니다.', NULL, NULL),
	(3, '안녕하세요 회원님들', '오늘의 공지사항입니다. 서버 정검 예정입니다.', NULL, NULL),
	(4, '5월을 시작하며', '5월 공지사항입니다. 어느덧 여름입니다', NULL, NULL),
	(5, '코로나 관련 주식시장 트렌드', '코로나로 주식시장이 많이 변화했습니다.', NULL, NULL),
	(6, '안녕하세요', '벌써 5월 중순이 되었네요', '2020-05-14', 0),
	(7, '여러분께 좋은 소식이 있습니다', '회원수가 1000명을 넘었습니다.', '2020-05-14', 0),
	(8, '오늘의 주식동향', 'ㄴ아ㅓ리나ㅓㄹ닐ㅇㄴㄹ', '2020-05-14', 0),
	(9, '5월의 주식왕을 안내드립니다', '5월 순위', '2020-05-14', 2),
	(10, '안녕하세요 여러분', '오랜만에 인사드립니다', '2020-05-14', 3),
	(11, '따스한 여름이네요', '모두 건강하신지요', '2020-05-14', 1),
	(12, '오늘의 이슈 모아보기', '오늘 주식동향은 ', '2020-05-14', 1),
	(13, '여러분의 성원에 힘입어', '저희 사이트의 방문자수가', '2020-05-14', 5),
	(14, '오늘은 어떤 종목이 인기가 있을까요?', '과연', '2020-05-14', 1),
	(15, '안내드립니다', '서버 불안정', '2020-05-14', 0),
	(16, '회원가입후 필독', 'ㅇ니ㅓㄹㄴㅇㄹㄴ', '2020-05-14', 0),
	(17, '오늘의 이슈 모아보기', '오늘의 이슈는', '2020-05-14', 2),
	(18, '안녕하세요', '오늘은', '2020-05-14', 1),
	(19, '4월의 주식왕', 'ㅇㄴㄹㄴ', '2020-05-14', 5),
	(20, '3월의 주식왕', '과연', '2020-05-14', 5),
	(21, '축하드립니다', '오늘 니란ㄹㅇㄴㄹㅇ', '2020-05-14', 2),
	(22, '안녕하세요', '여러분', '2020-05-14', 3),
	(23, '안녕하세요', '123', '2020-05-14', 0),
	(24, 'werw', 'werwer', '2020-05-14', 1),
	(25, 'qweqwe', 'qweqe', '2020-05-14', 0),
	(26, 'werwr', 'werwer', '2020-05-14', 0),
	(27, '1', '1111', '2020-05-14', 0),
	(28, '1123', '1223', '2020-05-14', 0),
	(29, '123456789', '123456789', '2020-05-14', 1),
	(30, '공지사항12', '12공지', '2020-05-14', 0),
	(31, '주식왕 뽑기', '주식왕누구', '2020-05-14', 0),
	(32, '주식을 잘하는 사람', '주식은', '2020-05-14', 1),
	(33, '주식 잘하는 방법', '있나', '2020-05-14', 1),
	(34, '주식 왕 누구', '이번달 주식', '2020-05-14', 0),
	(35, '이번달 주식왕', '주식최고점수', '2020-05-14', 0),
	(36, '주식을 잘할 수 있다', '주식', '2020-05-14', 0),
	(37, '주식하는 사람이 가져야하는 마음', '기다림', '2020-05-14', 0),
	(38, '주식은 무엇일까', '주식', '2020-05-14', 0),
	(39, '주식 잘하고싶다', '주식', '2020-05-14', 0),
	(40, '주식주식주식', '주식왕', '2020-05-14', 0),
	(41, '주식은', '주식은', '2020-05-14', 0),
	(42, '주식 주식 주싲', '주싲ㄱ', '2020-05-14', 0),
	(43, '주식하지마', '주식', '2020-05-14', 0),
	(44, '주식 왕을 뽑겠습니다', '상품도있어요', '2020-05-14', 0),
	(45, '주식하자', '주식', '2020-05-14', 0),
	(46, '지금 주식 사세요', '주식사라', '2020-05-14', 0),
	(47, '주식 잘보고 사세요', '주식은', '2020-05-14', 1),
	(48, '주식이란', '주식도', '2020-05-14', 0),
	(49, '주식도 다 때가 있다', 'ㄴㅇㄹ', '2020-05-14', 0),
	(50, '공지사항 입니다', '긴급', '2020-05-14', 1),
	(51, '긴급공지', '공지', '2020-05-14', 0),
	(52, '코스피스 주식 동향', '주식', '2020-05-14', 0),
	(53, '주식 살까요', '주식', '2020-05-14', 1),
	(54, '주식왕 누구', '주식왕', '2020-05-14', 1),
	(55, '주식 합시다', '주식', '2020-05-14', 2);
/*!40000 ALTER TABLE `notice` ENABLE KEYS */;

-- 테이블 kospiece_ex2.simulation 구조 내보내기
CREATE TABLE IF NOT EXISTS `simulation` (
  `sino` int(11) NOT NULL AUTO_INCREMENT,
  `mno` int(11) DEFAULT NULL,
  `sno` varchar(20) DEFAULT '111',
  `siquantity` int(255) DEFAULT NULL,
  `siprice` int(255) DEFAULT NULL,
  `sidate` datetime DEFAULT NULL,
  PRIMARY KEY (`sino`),
  KEY `Simulation_mno_f` (`mno`),
  KEY `Simulation_sno_f` (`sno`),
  CONSTRAINT `Simulation_mno_f` FOREIGN KEY (`mno`) REFERENCES `member` (`mno`),
  CONSTRAINT `Simulation_sno_f` FOREIGN KEY (`sno`) REFERENCES `stock` (`sno`)
) ENGINE=InnoDB AUTO_INCREMENT=88 DEFAULT CHARSET=utf8;

-- 테이블 데이터 kospiece_ex2.simulation:~71 rows (대략적) 내보내기
/*!40000 ALTER TABLE `simulation` DISABLE KEYS */;
INSERT INTO `simulation` (`sino`, `mno`, `sno`, `siquantity`, `siprice`, `sidate`) VALUES
	(1, 11, '005930', 10, 48800, '2020-05-12 00:00:00'),
	(2, 11, '006360', 20, 25050, '2020-05-12 00:00:00'),
	(3, 11, '005930', -5, 48800, '2020-05-12 00:00:00'),
	(4, 11, '005930', 1, 48800, '2020-05-12 00:00:00'),
	(5, 11, '012630', 1, 9300, '2020-05-12 00:00:00'),
	(6, 11, '005930', 2, 48800, '2020-05-13 00:00:00'),
	(7, 11, '005930', 1, 48800, '2020-05-13 00:00:00'),
	(8, 7, '005930', 1, 48800, '2020-05-13 00:00:00'),
	(11, 7, '005930', 1, 48800, '2020-05-13 00:00:00'),
	(12, 7, '005930', 1, 48800, '2020-05-13 00:00:00'),
	(24, 7, '005930', -1, 48800, '2020-05-13 00:00:00'),
	(28, 7, '005930', 100, 48800, '2020-05-13 00:00:00'),
	(29, 7, '005930', 10, 48800, '2020-05-13 00:00:00'),
	(30, 7, '005930', 20, 48800, '2020-05-13 00:00:00'),
	(31, 7, '005930', -100, 48800, '2020-05-13 00:00:00'),
	(32, 7, '005930', 20, 48800, '2020-05-13 00:00:00'),
	(33, 7, '005930', -30, 48800, '2020-05-13 00:00:00'),
	(34, 7, '005930', 20, 48800, '2020-05-13 00:00:00'),
	(35, 7, '005930', 10, 48800, '2020-05-13 00:00:00'),
	(36, 7, '005930', 10, 48800, '2020-05-13 00:00:00'),
	(37, 7, '005930', 10, 48800, '2020-05-13 00:00:00'),
	(38, 7, '006360', 50, 25050, '2020-05-13 00:00:00'),
	(39, 7, '006360', -50, 25050, '2020-05-13 00:00:00'),
	(40, 7, '006360', 1, 25050, '2020-05-13 00:00:00'),
	(41, 7, '006360', 10, 25050, '2020-05-13 00:00:00'),
	(42, 7, '005930', -30, 48800, '2020-05-13 00:00:00'),
	(43, 7, '005930', -30, 48800, '2020-05-13 00:00:00'),
	(44, 7, '006360', 10, 25050, '2020-05-13 00:00:00'),
	(45, 7, '006360', 10, 25050, '2020-05-13 00:00:00'),
	(46, 7, '006360', -20, 25050, '2020-05-13 00:00:00'),
	(47, 7, '006360', 10, 25050, '2020-05-13 00:00:00'),
	(48, 7, '006360', 11, 25050, '2020-05-13 00:00:00'),
	(49, 7, '006360', 11, 25050, '2020-05-13 00:00:00'),
	(50, 7, '006360', 11, 25050, '2020-05-13 00:00:00'),
	(51, 7, '006360', -10, 25050, '2020-05-13 00:00:00'),
	(52, 7, '006360', -10, 25050, '2020-05-13 00:00:00'),
	(53, 7, '006360', -10, 25050, '2020-05-13 00:00:00'),
	(54, 7, '006360', -1, 25050, '2020-05-13 00:00:00'),
	(55, 7, '006360', -1, 25050, '2020-05-13 00:00:00'),
	(56, 7, '006360', -1, 25050, '2020-05-13 00:00:00'),
	(57, 7, '027410', 1000, 4555, '2020-05-13 00:00:00'),
	(58, 7, '005930', -10, 48800, '2020-05-13 00:00:00'),
	(59, 7, '027410', 1, 4555, '2020-05-13 00:00:00'),
	(60, 7, '027410', -100, 4555, '2020-05-13 00:00:00'),
	(61, 7, '027410', 1, 4555, '2020-05-13 00:00:00'),
	(62, 7, '027410', 100, 4555, '2020-05-13 00:00:00'),
	(63, 7, '027410', -2, 4555, '2020-05-13 00:00:00'),
	(64, 7, '027410', -3, 4555, '2020-05-13 00:00:00'),
	(65, 7, '027410', -4, 4555, '2020-05-13 00:00:00'),
	(66, 7, '005930', 2, 48800, '2020-05-13 00:00:00'),
	(67, 7, '006360', 61, 25050, '2020-05-13 00:00:00'),
	(68, 7, '027410', 10, 4555, '2020-05-13 18:09:27'),
	(69, 7, '027410', -10, 4555, '2020-05-13 18:09:30'),
	(70, 7, '027410', 10, 4555, '2020-05-13 18:10:26'),
	(71, 7, '027410', 5, 4555, '2020-05-13 18:11:08'),
	(72, 7, '027410', 10, 4555, '2020-05-13 18:11:11'),
	(73, 7, '006360', 30, 25050, '2020-05-13 18:14:31'),
	(74, 7, '006360', -10, 25050, '2020-05-13 18:14:39'),
	(75, 7, '006360', -20, 25050, '2020-05-13 18:14:57'),
	(76, 7, '006360', 100, 25050, '2020-05-13 18:52:27'),
	(77, 7, '005930', 2, 47900, '2020-05-14 18:18:48'),
	(78, 7, '005930', 1, 48000, '2020-05-14 19:28:08'),
	(79, 7, '005930', 1, 48000, '2020-05-14 19:28:30'),
	(80, 7, '005930', -1, 48000, '2020-05-14 19:29:33'),
	(81, 7, '005930', 1, 48000, '2020-05-14 19:30:02'),
	(82, 7, '139480', 3, 112000, '2020-05-15 11:08:03'),
	(83, 7, '006360', -2, 23850, '2020-05-15 14:17:11'),
	(84, 7, '005930', -1, 47850, '2020-05-15 15:34:39'),
	(85, 7, '005930', 1, 47850, '2020-05-15 15:34:46'),
	(86, 7, '005930', 1, 47850, '2020-05-15 15:37:01'),
	(87, 7, '005930', -1, 47850, '2020-05-15 15:37:05');
/*!40000 ALTER TABLE `simulation` ENABLE KEYS */;

-- 테이블 kospiece_ex2.stock 구조 내보내기
CREATE TABLE IF NOT EXISTS `stock` (
  `sno` varchar(20) NOT NULL DEFAULT '111',
  `sname` varchar(50) DEFAULT NULL,
  `sfield` varchar(50) DEFAULT NULL,
  `sdetail` varchar(50) DEFAULT NULL,
  `sprice` int(255) DEFAULT NULL,
  `sdayrate` varchar(50) DEFAULT NULL,
  `schangerate` float DEFAULT NULL,
  `svolume` varchar(50) DEFAULT NULL,
  `sdealprice` varchar(50) DEFAULT NULL,
  `stotal` int(255) DEFAULT NULL,
  `shigh52` varchar(50) DEFAULT NULL,
  PRIMARY KEY (`sno`)
) ENGINE=InnoDB DEFAULT CHARSET=utf8;

-- 테이블 데이터 kospiece_ex2.stock:~200 rows (대략적) 내보내기
/*!40000 ALTER TABLE `stock` DISABLE KEYS */;
INSERT INTO `stock` (`sno`, `sname`, `sfield`, `sdetail`, `sprice`, `sdayrate`, `schangerate`, `svolume`, `sdealprice`, `stotal`, `shigh52`) VALUES
	('000070', '삼양홀딩스', '금융업', '식품', 48800, '50', 0.1, '9,956', '484', 4179, '78,300'),
	('000080', '하이트진로', '음식료품', '음료', 36000, '100', 0.28, '1,170,112', '42,485', 25248, '36,200'),
	('000100', '유한양행', '의약품', '제약', 51600, '0', 0, '475,852', '24,334', 34498, '55,300'),
	('000120', 'CJ대한통운', '운수창고', '항공화물운송과 물류', 148500, '4000', 2.77, '155,510', '22,673', 33876, '169,000'),
	('000150', '두산', '서비스업', '복합기업', 35750, '-2500', -6.54, '255,721', '9,256', 5907, '112,500'),
	('000210', '대림산업', '건설업', '건설', 80400, '1800', 2.29, '192,246', '15,228', 27979, '122,500'),
	('000240', '한국테크놀로지그룹', '금융업', '자동차부품', 9510, '70', 0.74, '65,006', '614', 8846, '17,450'),
	('000270', '기아차', '운수장비', '자동차', 29100, '400', 1.39, '1,258,325', '36,438', 117961, '46,900'),
	('000640', '동아쏘시오홀딩스', '금융업', '제약', 85900, '500', 0.59, '8,806', '755', 5273, '109,500'),
	('000660', 'SK하이닉스', '전기,전자', '반도체와 반도체 장비', 81900, '1300', 1.61, '4,153,372', '338,468', 596234, '106,000'),
	('000670', '영풍', '철강및금속', '핸드셋', 518000, '8000', 1.57, '1,085', '556', 9542, '760,000'),
	('000720', '현대건설', '건설업', '건설', 32600, '-350', -1.06, '448,097', '14,592', 36302, '56,700'),
	('000810', '삼성화재', '보험', '손해보험', 196500, '-500', -0.25, '125,249', '24,528', 93092, '287,000'),
	('000880', '한화', '화학', '화학', 18900, '0', 0, '166,424', '3,162', 14167, '28,300'),
	('000990', 'DB하이텍', '전기,전자', '반도체와 반도체 장비', 28600, '200', 0.7, '1,878,961', '53,840', 12698, '32,800'),
	('001040', 'CJ', '금융업', '복합기업', 80000, '700', 0.88, '116,853', '9,442', 23342, '108,000'),
	('001060', 'JW중외제약', '의약품', '제약', 34950, '-1650', -4.51, '5,747,737', '223,039', 7312, '39,250'),
	('001120', 'LG상사', '유통업', '무역회사와 판매업체', 13300, '100', 0.76, '189,981', '2,529', 5155, '19,400'),
	('001230', '동국제강', '철강및금속', '철강', 3930, '100', 2.61, '313,615', '1,207', 3750, '7,380'),
	('001430', '세아베스틸', '철강및금속', '철강', 9350, '-80', -0.85, '89,725', '828', 3353, '19,100'),
	('001450', '현대해상', '보험', '손해보험', 26700, '550', 2.1, '499,872', '13,362', 23870, '32,650'),
	('001520', '동양', '비금속광물', '건축자재', 1495, '275', 22.54, '42,238,885', '60,905', 3568, '1,875'),
	('001680', '대상', '음식료품', '식품', 26450, '100', 0.38, '908,774', '24,595', 9164, '27,000'),
	('001740', 'SK네트웍스', '유통업', '복합기업', 4880, '5', 0.1, '479,456', '2,349', 12112, '6,160'),
	('001800', '오리온홀딩스', '금융업', '식품', 14700, '200', 1.38, '372,783', '5,537', 9209, '19,450'),
	('002240', '고려제강', '철강및금속', '철강', 13700, '-100', -0.72, '29,020', '394', 2740, '27,750'),
	('002270', '롯데푸드', '음식료품', '식품', 386500, '16500', 4.46, '5,641', '2,161', 4375, '612,000'),
	('002350', '넥센타이어', '화학', '자동차부품', 5840, '130', 2.28, '177,061', '1,013', 5704, '10,550'),
	('002380', 'KCC', '화학', '건축자재', 143000, '-1000', -0.69, '63,112', '8,998', 12708, '285,000'),
	('002790', '아모레G', '화학', '화장품', 55000, '0', 0, '103,443', '5,648', 45352, '92,700'),
	('002960', '한국쉘석유', '화학', '석유와 가스', 255000, '2000', 0.79, '1,051', '266', 3315, '346,500'),
	('003000', '부광약품', '의약품', '제약', 27050, '400', 1.5, '7,347,565', '202,218', 17539, '32,900'),
	('003240', '태광산업', '화학', '화학', 771000, '13000', 1.72, '1,643', '1,254', 8584, '1,499,000'),
	('003410', '쌍용양회', '비금속광물', '건축자재', 5100, '30', 0.59, '670,088', '3,417', 25697, '6,510'),
	('003490', '대한항공', '운수창고', '항공사', 18200, '-700', -3.7, '1,003,357', '18,259', 17262, '34,000'),
	('003520', '영진약품', '의약품', '제약', 5400, '170', 3.25, '4,866,412', '26,379', 9876, '6,910'),
	('003550', 'LG', '금융업', '복합기업', 62500, '1100', 1.79, '298,906', '18,459', 107848, '80,200'),
	('003620', '쌍용차', '운수장비', '자동차', 1465, '10', 0.69, '316,268', '460', 2195, '4,575'),
	('003850', '보령제약', '의약품', '제약', 14600, '200', 1.39, '2,586,979', '38,426', 6453, '16,850'),
	('003920', '남양유업', '음식료품', '식품', 318000, '-1000', -0.31, '3,032', '956', 2290, '609,000'),
	('004000', '롯데정밀화학', '화학', '화학', 35000, '-400', -1.13, '84,583', '2,980', 9030, '55,300'),
	('004020', '현대제철', '철강및금속', '철강', 19350, '-450', -2.27, '558,468', '10,781', 25822, '43,200'),
	('004170', '신세계', '유통업', '백화점과 일반상점', 233500, '-4500', -1.89, '67,453', '15,834', 22988, '333,500'),
	('004370', '농심', '음식료품', '식품', 325000, '2500', 0.78, '80,982', '26,575', 19769, '324,000'),
	('004490', '세방전지', '전기,전자', '자동차부품', 29900, '1000', 3.46, '35,707', '1,047', 4186, '45,500'),
	('004800', '효성', '금융업', '복합기업', 66400, '-100', -0.15, '51,708', '3,435', 13991, '97,900'),
	('004990', '롯데지주', '금융업', '식품', 36250, '300', 0.83, '874,671', '31,637', 38030, '47,250'),
	('005180', '빙그레', '음식료품', '식품', 66200, '-700', -1.05, '69,987', '4,627', 6522, '80,500'),
	('005250', '녹십자홀딩스', '서비스업', '제약', 23750, '650', 2.81, '363,081', '8,752', 11169, '27,350'),
	('005300', '롯데칠성', '음식료품', '음료', 106000, '-500', -0.47, '34,254', '3,640', 8473, '183,500'),
	('005380', '현대차', '운수장비', '자동차', 92300, '0', 0, '819,543', '75,294', 197216, '143,500'),
	('005440', '현대그린푸드', '유통업', '식품과 기본식료품 소매', 8290, '270', 3.37, '339,339', '2,764', 8100, '13,550'),
	('005490', 'POSCO', '철강및금속', '철강', 168000, '0', 0, '310,316', '52,053', 146474, '253,500'),
	('005610', 'SPC삼립', '음식료품', '식품', 73400, '1300', 1.8, '13,054', '949', 6334, '123,000'),
	('005830', 'DB손해보험', '보험', '손해보험', 50900, '2700', 5.6, '438,655', '22,082', 36037, '63,700'),
	('005850', '에스엘', '운수장비', '자동차부품', 13500, '150', 1.12, '67,713', '908', 6507, '25,400'),
	('005930', '삼성전자', '전기,전자', '반도체와 반도체 장비', 47850, '-150', -0.31, '17,792,488', '855,435', 2856541, '62,800'),
	('005940', 'NH투자증권', '증권', '증권', 9020, '-80', -0.88, '1,500,985', '13,480', 25383, '15,000'),
	('006120', 'SK디스커버리', '금융업', '석유와 가스', 27700, '-200', -0.72, '598,260', '17,046', 5273, '35,700'),
	('006260', 'LS', '금융업', '전기장비', 34250, '700', 2.09, '75,242', '2,561', 11028, '51,900'),
	('006280', '녹십자', '의약품', '제약', 151500, '1500', 1, '189,180', '29,128', 17705, '190,000'),
	('006360', 'GS건설', '건설업', '건설', 23800, '100', 0.42, '275,343', '6,543', 19063, '42,350'),
	('006390', '한일현대시멘트', '비금속광물', '건축자재', 29700, '-200', -0.67, '19,765', '587', 4996, '41,400'),
	('006400', '삼성SDI', '전기,전자', '전기제품', 302500, '-5500', -1.79, '460,294', '139,833', 208013, '351,000'),
	('006650', '대한유화', '화학', '화학', 131000, '-2000', -1.5, '34,540', '4,550', 8515, '150,000'),
	('006800', '미래에셋대우', '증권', '증권', 5340, '-100', -1.84, '2,327,922', '12,535', 35154, '8,410'),
	('006840', 'AK홀딩스', '금융업', '화학', 23000, '-50', -0.22, '34,339', '779', 3047, '54,100'),
	('007070', 'GS리테일', '유통업', '백화점과 일반상점', 42500, '-300', -0.7, '404,633', '17,227', 32725, '44,900'),
	('007310', '오뚜기', '음식료품', '식품', 589000, '55000', 10.3, '33,347', '18,851', 21235, '735,000'),
	('007570', '일양약품', '의약품', '제약', 34250, '-1050', -2.97, '310,444', '10,768', 6537, '41,800'),
	('008060', '대덕전자', '전기,전자', '전자장비와 기기', 8210, '0', 0, '0', '0', 6404, '13,350'),
	('008560', '메리츠증권', '증권', '증권', 3285, '5', 0.15, '1,459,149', '4,798', 20279, '5,650'),
	('008770', '호텔신라', '유통업', '호텔, 레스토랑, 레저', 79500, '-1300', -1.61, '312,096', '24,903', 31202, '111,000'),
	('008930', '한미사이언스', '금융업', '제약', 27200, '-200', -0.73, '161,799', '4,339', 17955, '70,999'),
	('009150', '삼성전기', '전기,전자', '전자장비와 기기', 119500, '0', 0, '521,631', '62,791', 89259, '148,500'),
	('009240', '한샘', '유통업', '가구', 87000, '-2000', -2.25, '153,883', '13,588', 20475, '92,700'),
	('009420', '한올바이오파마', '의약품', '제약', 24100, '-600', -2.43, '273,588', '6,646', 12590, '39,400'),
	('009540', '한국조선해양', '운수장비', '조선', 78400, '1700', 2.22, '175,083', '13,636', 55486, '133,000'),
	('009830', '한화솔루션', '화학', '화학', 15200, '-450', -2.88, '1,172,071', '18,007', 24545, '23,650'),
	('010060', 'OCI', '화학', '화학', 37800, '0', 0, '94,502', '3,567', 9015, '97,600'),
	('010120', 'LS ELECTRIC', '전기,전자', '전기장비', 38250, '400', 1.06, '52,350', '1,985', 11475, '55,100'),
	('010130', '고려아연', '철강및금속', '비철금속', 368500, '-1000', -0.27, '29,689', '10,910', 69536, '481,500'),
	('010140', '삼성중공업', '운수장비', '조선', 4110, '-15', -0.36, '3,126,507', '12,758', 25893, '8,470'),
	('010620', '현대미포조선', '운수장비', '조선', 28350, '-200', -0.7, '365,063', '10,333', 11324, '52,200'),
	('010780', '아이에스동서', '비금속광물', '건설', 25100, '50', 0.2, '56,796', '1,424', 7754, '39,550'),
	('010950', 'S-Oil', '화학', '석유와 가스', 66200, '2100', 3.28, '505,819', '33,442', 74530, '107,000'),
	('011070', 'LG이노텍', '전기,전자', '전자장비와 기기', 146000, '3000', 2.1, '174,813', '25,366', 34554, '163,500'),
	('011170', '롯데케미칼', '화학', '화학', 185500, '0', 0, '155,198', '28,968', 63581, '274,500'),
	('011210', '현대위아', '운수장비', '자동차부품', 32500, '-350', -1.07, '79,480', '2,577', 8838, '55,500'),
	('011780', '금호석유', '화학', '화학', 71300, '-300', -0.42, '125,571', '8,968', 21723, '103,000'),
	('011790', 'SKC', '화학', '화학', 51000, '900', 1.8, '287,906', '14,613', 19143, '60,500'),
	('012330', '현대모비스', '운수장비', '자동차부품', 172500, '3000', 1.77, '211,179', '36,091', 163969, '268,500'),
	('012450', '한화에어로스페이스', '운수장비', '우주항공과 국방', 23450, '200', 0.86, '342,236', '7,977', 11873, '44,800'),
	('012630', 'HDC', '금융업', '건설', 9560, '380', 4.14, '1,280,247', '12,479', 5711, '16,350'),
	('012750', '에스원', '서비스업', '상업서비스와 공급품', 91400, '-100', -0.11, '38,423', '3,515', 34731, '109,000'),
	('014680', '한솔케미칼', '화학', '화학', 97900, '10200', 11.63, '276,294', '26,477', 11058, '118,500'),
	('014820', '동원시스템즈', '화학', '포장재', 23700, '550', 2.38, '16,458', '382', 6072, '45,300'),
	('014830', '유니드', '화학', '화학', 41200, '200', 0.49, '18,762', '769', 3663, '52,800'),
	('015760', '한국전력', '전기가스업', '전기 유틸리티', 22000, '-1150', -4.97, '6,054,437', '135,492', 141232, '29,500'),
	('016360', '삼성증권', '증권', '증권', 27250, '50', 0.18, '434,880', '11,869', 24334, '39,700'),
	('017670', 'SK텔레콤', '통신업', '무선통신서비스', 204000, '-3000', -1.45, '279,119', '57,250', 164721, '264,500'),
	('017800', '현대엘리베이', '기계', '기계', 61500, '-500', -0.81, '120,552', '7,410', 16728, '98,600'),
	('018250', '애경산업', '화학', '가정용품', 26250, '-100', -0.38, '110,024', '2,863', 6933, '51,700'),
	('018260', '삼성에스디에스', '서비스업', 'IT서비스', 175000, '500', 0.29, '160,956', '28,044', 135411, '221,000'),
	('018880', '한온시스템', '기계', '자동차부품', 8700, '-290', -3.23, '1,409,653', '12,312', 46441, '12,600'),
	('019680', '대교', '서비스업', '교육서비스', 4590, '85', 1.89, '147,683', '669', 3888, '6,910'),
	('020000', '한섬', '섬유,의복', '섬유, 의류, 신발, 호화품', 32350, '1800', 5.89, '490,940', '16,017', 7968, '46,700'),
	('020150', '일진머티리얼즈', '전기,전자', '전자장비와 기기', 42850, '50', 0.12, '493,269', '21,103', 19758, '54,400'),
	('021240', '코웨이', '서비스업', '가정용 기기와 용품', 61800, '-300', -0.48, '229,329', '14,175', 45608, '100,000'),
	('023530', '롯데쇼핑', '유통업', '백화점과 일반상점', 87100, '-1900', -2.13, '140,506', '12,186', 24640, '169,000'),
	('024110', '기업은행', '은행', '은행', 7550, '180', 2.44, '2,516,153', '18,902', 45793, '14,200'),
	('025540', '한국단자', '전기,전자', '자동차부품', 30550, '150', 0.49, '23,953', '733', 3182, '70,300'),
	('025860', '남해화학', '화학', '화학', 7420, '10', 0.13, '111,485', '821', 3686, '11,550'),
	('026960', '동서', '유통업', '식품', 17150, '350', 2.08, '79,227', '1,342', 17099, '20,850'),
	('027410', 'BGF', '금융업', '백화점과 일반상점', 4625, '15', 0.33, '119,932', '550', 4427, '7,920'),
	('028050', '삼성엔지니어링', '서비스업', '건설', 10850, '50', 0.46, '1,007,110', '10,951', 21266, '19,950'),
	('028260', '삼성물산', '유통업', '복합기업', 98900, '400', 0.41, '389,633', '38,347', 184831, '121,500'),
	('028670', '팬오션', '운수창고', '해운사', 3340, '20', 0.6, '1,156,713', '3,834', 17855, '5,210'),
	('029780', '삼성카드', '금융업', '카드', 29450, '400', 1.38, '220,007', '6,476', 34120, '41,750'),
	('030000', '제일기획', '서비스업', '광고', 16950, '-200', -1.17, '499,765', '8,515', 19499, '29,900'),
	('030200', 'KT', '통신업', '다각화된 통신서비스', 24700, '600', 2.49, '1,642,804', '40,382', 64495, '28,750'),
	('031430', '신세계인터내셔날', '유통업', '섬유, 의류, 신발, 호화품', 193000, '-3500', -1.78, '39,680', '7,645', 13780, '312,000'),
	('032640', 'LG유플러스', '통신업', '무선통신서비스', 13850, '-150', -1.07, '1,693,224', '23,394', 60471, '15,850'),
	('032830', '삼성생명', '보험', '생명보험', 45200, '650', 1.46, '476,500', '21,373', 90400, '84,500'),
	('033780', 'KT&G', '담배', '담배', 77900, '800', 1.04, '419,793', '32,401', 106951, '106,500'),
	('034020', '두산중공업', '기계', '기계', 3915, '5', 0.13, '2,052,277', '8,086', 9910, '7,410'),
	('034220', 'LG디스플레이', '전기,전자', '디스플레이 패널', 10150, '-150', -1.46, '1,222,759', '12,433', 36318, '18,350'),
	('034730', 'SK', '금융업', '복합기업', 182000, '1000', 0.55, '167,564', '30,530', 128056, '278,000'),
	('035250', '강원랜드', '서비스업', '호텔, 레스토랑, 레저', 23000, '500', 2.22, '1,095,478', '24,385', 49206, '33,000'),
	('035420', 'NAVER', '서비스업', '양방향미디어와서비스', 213000, '-6000', -2.74, '1,015,141', '217,044', 349881, '226,500'),
	('035720', '카카오', '서비스업', '양방향미디어와서비스', 221500, '-3500', -1.56, '1,519,327', '337,690', 192859, '228,000'),
	('036460', '한국가스공사', '전기가스업', '가스 유틸리티', 26950, '-150', -0.55, '200,574', '5,409', 24878, '45,250'),
	('036570', '엔씨소프트', '서비스업', '게임엔터테인먼트', 745000, '-8000', -1.06, '99,803', '74,120', 163557, '759,000'),
	('042660', '대우조선해양', '운수장비', '조선', 16500, '250', 1.54, '298,337', '4,841', 17689, '33,150'),
	('042670', '두산인프라코어', '기계', '기계', 5410, '610', 12.71, '38,445,386', '205,817', 11262, '6,820'),
	('047040', '대우건설', '건설업', '건설', 3480, '35', 1.02, '1,442,111', '5,033', 14464, '5,130'),
	('047050', '포스코인터내셔널', '유통업', '무역회사와 판매업체', 13900, '250', 1.83, '350,913', '4,839', 17149, '19,950'),
	('047810', '한국항공우주', '운수장비', '우주항공과 국방', 23350, '-50', -0.21, '360,683', '8,387', 22760, '42,100'),
	('049770', '동원F&B', '음식료품', '식품', 221000, '7500', 3.51, '14,944', '3,290', 8529, '310,500'),
	('051600', '한전KPS', '건설업', '전기 유틸리티', 31050, '-150', -0.48, '79,338', '2,468', 13972, '41,300'),
	('051900', 'LG생활건강', '화학', '화장품', 1475000, '20000', 1.37, '29,577', '43,075', 230368, '1,457,000'),
	('051910', 'LG화학', '화학', '화학', 346500, '2000', 0.58, '324,339', '112,530', 244602, '422,500'),
	('052690', '한전기술', '서비스업', '전기 유틸리티', 16500, '350', 2.17, '63,960', '1,044', 6306, '25,350'),
	('055550', '신한지주', '금융업', '은행', 29350, '450', 1.56, '1,740,287', '50,916', 141594, '48,000'),
	('057050', '현대홈쇼핑', '유통업', '인터넷과 카탈로그 소매', 65700, '400', 0.61, '24,376', '1,597', 7884, '107,500'),
	('060980', '한라홀딩스', '금융업', '자동차부품', 28600, '650', 2.33, '21,956', '618', 2995, '49,200'),
	('064350', '현대로템', '운수장비', '기계', 16100, '-800', -4.73, '1,826,052', '29,730', 13685, '22,850'),
	('064960', 'S&T모티브', '운수장비', '자동차부품', 37550, '550', 1.49, '60,232', '2,267', 5491, '56,900'),
	('066570', 'LG전자', '전기,전자', '전자제품', 54400, '200', 0.37, '502,671', '27,116', 89024, '83,400'),
	('068270', '셀트리온', '의약품', '제약', 217500, '500', 0.23, '814,774', '177,350', 292988, '236,000'),
	('069260', '휴켐스', '화학', '화학', 16850, '-150', -0.88, '96,098', '1,618', 6888, '23,000'),
	('069620', '대웅제약', '의약품', '제약', 108000, '5000', 4.85, '464,248', '49,636', 12514, '182,000'),
	('069960', '현대백화점', '유통업', '백화점과 일반상점', 65100, '200', 0.31, '87,059', '5,660', 15235, '91,300'),
	('071050', '한국금융지주', '금융업', '증권', 45400, '-100', -0.22, '204,090', '9,274', 25300, '83,700'),
	('071840', '롯데하이마트', '유통업', '전문소매', 28850, '2150', 8.05, '311,321', '8,787', 6811, '46,350'),
	('073240', '금호타이어', '화학', '자동차부품', 2990, '15', 0.5, '394,043', '1,170', 8589, '4,625'),
	('078930', 'GS', '금융업', '석유와 가스', 36950, '150', 0.41, '180,737', '6,701', 34332, '53,700'),
	('079160', 'CJ CGV', '서비스업', '방송과엔터테인먼트', 21100, '-250', -1.17, '246,357', '5,156', 4465, '40,400'),
	('079430', '현대리바트', '유통업', '가구', 15750, '700', 4.65, '1,008,051', '15,785', 3234, '19,950'),
	('079550', 'LIG넥스원', '기계', '우주항공과 국방', 26700, '650', 2.5, '247,322', '6,582', 5874, '36,700'),
	('081660', '휠라홀딩스', '유통업', '섬유, 의류, 신발, 호화품', 32100, '1150', 3.72, '492,009', '15,760', 19501, '87,900'),
	('086280', '현대글로비스', '운수창고', '항공화물운송과 물류', 98800, '-1100', -1.1, '68,354', '6,762', 37050, '169,000'),
	('086790', '하나금융지주', '금융업', '은행', 25350, '550', 2.22, '1,458,574', '36,855', 76111, '38,850'),
	('088350', '한화생명', '보험', '생명보험', 1640, '-45', -2.67, '4,962,286', '8,243', 14244, '3,675'),
	('090430', '아모레퍼시픽', '화학', '화장품', 170500, '-5500', -3.12, '277,448', '47,550', 99672, '240,500'),
	('093050', 'LF', '섬유,의복', '섬유, 의류, 신발, 호화품', 12500, '200', 1.63, '72,527', '897', 3655, '26,150'),
	('093370', '후성', '화학', '화학', 6930, '0', 0, '577,585', '3,987', 6418, '13,650'),
	('096760', 'JW홀딩스', '금융업', '제약', 5540, '110', 2.03, '1,777,941', '9,923', 3681, '7,727'),
	('096770', 'SK이노베이션', '화학', '석유와 가스', 94400, '800', 0.85, '477,121', '45,338', 87287, '178,500'),
	('097950', 'CJ제일제당', '음식료품', '식품', 308500, '7500', 2.49, '263,107', '82,877', 46442, '302,500'),
	('103140', '풍산', '철강및금속', '비철금속', 19000, '-50', -0.26, '106,352', '2,019', 5325, '27,000'),
	('105560', 'KB금융', '금융업', '은행', 31450, '500', 1.62, '2,529,364', '78,920', 130772, '50,800'),
	('105630', '한세실업', '섬유,의복', '섬유, 의류, 신발, 호화품', 11050, '-150', -1.34, '116,807', '1,283', 4420, '30,450'),
	('108670', 'LG하우시스', '화학', '건축자재', 56400, '-100', -0.18, '60,755', '3,421', 5058, '64,900'),
	('111770', '영원무역', '유통업', '섬유, 의류, 신발, 호화품', 24550, '-50', -0.2, '74,233', '1,800', 10878, '42,550'),
	('114090', 'GKL', '서비스업', '호텔, 레스토랑, 레저', 14300, '250', 1.78, '175,721', '2,470', 8845, '22,900'),
	('115390', '락앤락', '화학', '포장재', 10900, '-100', -0.91, '117,637', '1,288', 5906, '17,000'),
	('120110', '코오롱인더', '화학', '화학', 30050, '200', 0.67, '132,443', '3,964', 8107, '51,900'),
	('128940', '한미약품', '의약품', '제약', 245000, '-7500', -2.97, '126,454', '30,873', 29015, '414,446'),
	('138930', 'BNK금융지주', '금융업', '은행', 4515, '75', 1.69, '1,482,365', '6,676', 14716, '7,900'),
	('139480', '이마트', '유통업', '백화점과 일반상점', 112000, '0', 0, '120,107', '13,405', 31221, '161,000'),
	('145990', '삼양사', '음식료품', '식품', 38400, '450', 1.19, '11,636', '444', 3960, '58,400'),
	('161390', '한국타이어앤테크놀로지', '화학', '자동차부품', 20450, '-50', -0.24, '378,894', '7,779', 25332, '37,600'),
	('161890', '한국콜마', '화학', '화장품', 41850, '-950', -2.22, '256,242', '10,746', 9576, '71,300'),
	('170900', '동아에스티', '의약품', '제약', 88500, '-300', -0.34, '19,810', '1,753', 7473, '119,500'),
	('185750', '종근당', '의약품', '제약', 101000, '1000', 1, '72,035', '7,284', 10995, '104,000'),
	('192400', '쿠쿠홀딩스', '금융업', '가정용 기기와 용품', 88500, '3200', 3.75, '4,606', '402', 6294, '170,000'),
	('192820', '코스맥스', '화학', '화장품', 94800, '3800', 4.18, '414,852', '39,643', 9527, '122,000'),
	('204320', '만도', '운수장비', '자동차부품', 23450, '-50', -0.21, '284,306', '6,635', 11011, '39,400'),
	('207940', '삼성바이오로직스', '의약품', '제약', 605000, '-7000', -1.14, '146,492', '89,008', 400298, '619,000'),
	('214320', '이노션', '서비스업', '광고', 56100, '-200', -0.36, '34,779', '1,947', 11220, '77,000'),
	('241560', '두산밥캣', '기계', '기계', 22800, '-400', -1.72, '1,580,096', '37,056', 22857, '37,750'),
	('251270', '넷마블', '서비스업', '게임엔터테인먼트', 93900, '-800', -0.84, '410,466', '38,439', 80559, '131,000'),
	('267250', '현대중공업지주', '화학', '석유와 가스', 238000, '1500', 0.63, '31,129', '7,393', 38762, '362,000'),
	('271560', '오리온', '음식료품', '식품', 140000, '6500', 4.87, '202,558', '27,990', 55351, '137,000'),
	('282330', 'BGF리테일', '유통업', '백화점과 일반상점', 158000, '2000', 1.28, '58,066', '9,218', 27309, '225,000'),
	('285130', 'SK케미칼', '화학', '화학', 97500, '2700', 2.85, '5,484,377', '581,559', 11448, '98,400'),
	('294870', 'HDC현대산업개발', '건설업', '건설', 20150, '1550', 8.33, '3,660,364', '75,112', 13280, '43,857'),
	('298040', '효성중공업', '전기,전자', '전기장비', 14050, '-450', -3.1, '82,233', '1,167', 1310, '39,250'),
	('316140', '우리금융지주', '금융업', '은행', 7950, '140', 1.79, '1,383,549', '10,937', 57420, '14,500');
/*!40000 ALTER TABLE `stock` ENABLE KEYS */;

-- 테이블 kospiece_ex2.visitor 구조 내보내기
CREATE TABLE IF NOT EXISTS `visitor` (
  `vsdate` date NOT NULL DEFAULT curdate(),
  `vscount` int(255) DEFAULT NULL,
  PRIMARY KEY (`vsdate`)
) ENGINE=InnoDB DEFAULT CHARSET=utf8;

-- 테이블 데이터 kospiece_ex2.visitor:~0 rows (대략적) 내보내기
/*!40000 ALTER TABLE `visitor` DISABLE KEYS */;
/*!40000 ALTER TABLE `visitor` ENABLE KEYS */;


-- project 데이터베이스 구조 내보내기
CREATE DATABASE IF NOT EXISTS `project` /*!40100 DEFAULT CHARACTER SET utf8 */;
USE `project`;

-- 테이블 project.asdf 구조 내보내기
CREATE TABLE IF NOT EXISTS `asdf` (
  `열 1` int(11) DEFAULT NULL
) ENGINE=InnoDB DEFAULT CHARSET=utf8;

-- 테이블 데이터 project.asdf:~0 rows (대략적) 내보내기
/*!40000 ALTER TABLE `asdf` DISABLE KEYS */;
/*!40000 ALTER TABLE `asdf` ENABLE KEYS */;

-- 테이블 project.datestock 구조 내보내기
CREATE TABLE IF NOT EXISTS `datestock` (
  `dno` int(11) NOT NULL AUTO_INCREMENT COMMENT '일자별주식정보id',
  `sno` varchar(20) DEFAULT '111' COMMENT '회사코드번호',
  `ddate` date DEFAULT NULL COMMENT '일자',
  `dstart` int(255) DEFAULT NULL COMMENT '시가',
  `dend` int(255) DEFAULT NULL COMMENT '종가',
  PRIMARY KEY (`dno`),
  KEY `DateStock_sno_f` (`sno`),
  CONSTRAINT `DateStock_sno_f` FOREIGN KEY (`sno`) REFERENCES `stock` (`sno`)
) ENGINE=InnoDB DEFAULT CHARSET=utf8 COMMENT='일자별주식정보(차트)';

-- 테이블 데이터 project.datestock:~0 rows (대략적) 내보내기
/*!40000 ALTER TABLE `datestock` DISABLE KEYS */;
/*!40000 ALTER TABLE `datestock` ENABLE KEYS */;

-- 테이블 project.freeboard 구조 내보내기
CREATE TABLE IF NOT EXISTS `freeboard` (
  `fno` int(11) NOT NULL AUTO_INCREMENT COMMENT '글번호',
  `fmemid` varchar(50) DEFAULT NULL COMMENT '회원ID',
  `ftitle` varchar(50) DEFAULT NULL COMMENT '제목',
  `fcontent` varchar(255) DEFAULT NULL COMMENT '내용',
  `fdate` date DEFAULT NULL COMMENT '작성일',
  `fhit` int(255) DEFAULT NULL COMMENT '조회수',
  PRIMARY KEY (`fno`)
) ENGINE=InnoDB DEFAULT CHARSET=utf8 COMMENT='자유게시판';

-- 테이블 데이터 project.freeboard:~0 rows (대략적) 내보내기
/*!40000 ALTER TABLE `freeboard` DISABLE KEYS */;
/*!40000 ALTER TABLE `freeboard` ENABLE KEYS */;

-- 테이블 project.freecomment 구조 내보내기
CREATE TABLE IF NOT EXISTS `freecomment` (
  `fcno` int(11) NOT NULL AUTO_INCREMENT COMMENT '자유게시판댓글번호',
  `fcmemid` varchar(50) DEFAULT NULL COMMENT '회원ID',
  `fno` int(11) DEFAULT NULL COMMENT '글번호',
  `fcdate` date DEFAULT NULL COMMENT '작성일',
  PRIMARY KEY (`fcno`),
  KEY `FreeComment_fcno_f` (`fno`),
  CONSTRAINT `FreeComment_fcno_f` FOREIGN KEY (`fno`) REFERENCES `freeboard` (`fno`)
) ENGINE=InnoDB DEFAULT CHARSET=utf8 COMMENT='자유게시판댓글';

-- 테이블 데이터 project.freecomment:~0 rows (대략적) 내보내기
/*!40000 ALTER TABLE `freecomment` DISABLE KEYS */;
/*!40000 ALTER TABLE `freecomment` ENABLE KEYS */;

-- 테이블 project.hateboard 구조 내보내기
CREATE TABLE IF NOT EXISTS `hateboard` (
  `hno` int(11) NOT NULL AUTO_INCREMENT COMMENT '싫어요번호',
  `fcno` int(11) DEFAULT NULL COMMENT '자유게시판댓글번호',
  `hmemid` varchar(50) DEFAULT NULL COMMENT '회원ID',
  PRIMARY KEY (`hno`),
  KEY `HateBoard_hno_f` (`fcno`),
  CONSTRAINT `HateBoard_hno_f` FOREIGN KEY (`fcno`) REFERENCES `freecomment` (`fcno`)
) ENGINE=InnoDB DEFAULT CHARSET=utf8 COMMENT='자유게시판댓글싫어요';

-- 테이블 데이터 project.hateboard:~0 rows (대략적) 내보내기
/*!40000 ALTER TABLE `hateboard` DISABLE KEYS */;
/*!40000 ALTER TABLE `hateboard` ENABLE KEYS */;

-- 테이블 project.interest 구조 내보내기
CREATE TABLE IF NOT EXISTS `interest` (
  `ino` int(11) NOT NULL AUTO_INCREMENT COMMENT '관심주식번호',
  `mno` int(11) NOT NULL COMMENT '회원번호',
  `sno` varchar(20) NOT NULL DEFAULT '111' COMMENT '회사코드번호',
  `listno` int(11) NOT NULL COMMENT '순번',
  PRIMARY KEY (`ino`),
  KEY `Interest_mno_f` (`mno`),
  KEY `Interest_sno_f` (`sno`),
  CONSTRAINT `Interest_mno_f` FOREIGN KEY (`mno`) REFERENCES `member` (`mno`),
  CONSTRAINT `Interest_sno_f` FOREIGN KEY (`sno`) REFERENCES `stock` (`sno`)
) ENGINE=InnoDB DEFAULT CHARSET=utf8 COMMENT='관심주식';

-- 테이블 데이터 project.interest:~0 rows (대략적) 내보내기
/*!40000 ALTER TABLE `interest` DISABLE KEYS */;
/*!40000 ALTER TABLE `interest` ENABLE KEYS */;

-- 테이블 project.kkkkk 구조 내보내기
CREATE TABLE IF NOT EXISTS `kkkkk` (
  `열 1` int(11) NOT NULL AUTO_INCREMENT,
  `열 2` varchar(50) DEFAULT NULL,
  `열 3` varchar(50) DEFAULT NULL,
  `열 4` varchar(50) DEFAULT NULL,
  `열 5` varchar(50) DEFAULT NULL,
  PRIMARY KEY (`열 1`)
) ENGINE=InnoDB DEFAULT CHARSET=utf8;

-- 테이블 데이터 project.kkkkk:~0 rows (대략적) 내보내기
/*!40000 ALTER TABLE `kkkkk` DISABLE KEYS */;
/*!40000 ALTER TABLE `kkkkk` ENABLE KEYS */;

-- 테이블 project.kospi200 구조 내보내기
CREATE TABLE IF NOT EXISTS `kospi200` (
  `no` int(11) NOT NULL AUTO_INCREMENT,
  `jno` varchar(50) DEFAULT NULL,
  `company` varchar(100) DEFAULT NULL,
  `field` varchar(50) DEFAULT NULL,
  `field_WICS` varchar(50) DEFAULT NULL,
  `price` varchar(50) DEFAULT NULL,
  `dayRate` varchar(50) DEFAULT NULL,
  `changeRate` float DEFAULT NULL,
  `amount` varchar(50) DEFAULT NULL,
  `dealPrice` varchar(50) DEFAULT NULL,
  `total` int(255) DEFAULT NULL,
  `price52` varchar(50) DEFAULT NULL,
  `chart` varchar(255) DEFAULT NULL,
  PRIMARY KEY (`no`)
) ENGINE=InnoDB AUTO_INCREMENT=402 DEFAULT CHARSET=utf8;

-- 테이블 데이터 project.kospi200:~200 rows (대략적) 내보내기
/*!40000 ALTER TABLE `kospi200` DISABLE KEYS */;
INSERT INTO `kospi200` (`no`, `jno`, `company`, `field`, `field_WICS`, `price`, `dayRate`, `changeRate`, `amount`, `dealPrice`, `total`, `price52`, `chart`) VALUES
	(1, '088350', '한화생명', '보험', '생명보험', '1,650', '▲30', 1.85, '9,445,909', '15,579', 14331, '3,675', 'https://t1.daumcdn.net/finance/chart/kr/daumstock/d/mini/D2011029.png?t=202004171656'),
	(2, '009150', '삼성전기', '전기,전자', '전자장비와 기기', '119,500', '▼2,000', -1.65, '219,790', '26,389', 89259, '148,500', 'https://t1.daumcdn.net/finance/chart/kr/daumstock/d/mini/D2011029.png?t=202004171656'),
	(3, '003620', '쌍용차', '운수장비', '자동차', '1,460', '▼25', -1.68, '165,947', '243', 2188, '4,575', 'https://t1.daumcdn.net/finance/chart/kr/daumstock/d/mini/D2011029.png?t=202004171656'),
	(4, '064960', 'S&T모티브', '운수장비', '자동차부품', '36,150', '▲150', 0.42, '35,803', '1,288', 5286, '56,900', 'https://t1.daumcdn.net/finance/chart/kr/daumstock/d/mini/D2011029.png?t=202004171656'),
	(5, '004170', '신세계', '유통업', '백화점과 일반상점', '238,000', '▼1,000', -0.42, '25,846', '6,214', 23432, '333,500', 'https://t1.daumcdn.net/finance/chart/kr/daumstock/d/mini/D2011029.png?t=202004171656'),
	(6, '071050', '한국금융지주', '금융업', '증권', '45,650', '▼1,000', -2.14, '102,325', '4,704', 25439, '83,700', 'https://t1.daumcdn.net/finance/chart/kr/daumstock/d/mini/D2011029.png?t=202004171656'),
	(7, '014680', '한솔케미칼', '화학', '화학', '83,800', '▼1,600', -1.87, '22,310', '1,879', 9465, '118,500', 'https://t1.daumcdn.net/finance/chart/kr/daumstock/d/mini/D2011029.png?t=202004171656'),
	(8, '011790', 'SKC', '화학', '화학', '50,100', '▼1,000', -1.96, '161,923', '8,173', 18805, '60,500', 'https://t1.daumcdn.net/finance/chart/kr/daumstock/d/mini/D2011029.png?t=202004171656'),
	(9, '214320', '이노션', '서비스업', '광고', '55,400', '▼500', -0.89, '13,814', '770', 11080, '77,000', 'https://t1.daumcdn.net/finance/chart/kr/daumstock/d/mini/D2011029.png?t=202004171656'),
	(10, '006800', '미래에셋대우', '증권', '증권', '5,350', '▼90', -1.65, '641,541', '3,439', 35220, '8,410', 'https://t1.daumcdn.net/finance/chart/kr/daumstock/d/mini/D2011029.png?t=202004171656'),
	(11, '003490', '대한항공', '운수창고', '항공사', '17,800', '▼400', -2.2, '763,895', '13,570', 16882, '34,000', 'https://t1.daumcdn.net/finance/chart/kr/daumstock/d/mini/D2011029.png?t=202004171657'),
	(12, '069260', '휴켐스', '화학', '화학', '16,850', '▲100', 0.6, '36,143', '606', 6888, '23,000', 'https://t1.daumcdn.net/finance/chart/kr/daumstock/d/mini/D2011029.png?t=202004171657'),
	(13, '020150', '일진머티리얼즈', '전기,전자', '전자장비와 기기', '41,950', '▼550', -1.29, '652,279', '27,799', 19343, '54,400', 'https://t1.daumcdn.net/finance/chart/kr/daumstock/d/mini/D2011029.png?t=202004171657'),
	(14, '006400', '삼성SDI', '전기,전자', '전기제품', '303,500', '▼6,000', -1.94, '582,748', '180,095', 208700, '351,000', 'https://t1.daumcdn.net/finance/chart/kr/daumstock/d/mini/D2011029.png?t=202004171657'),
	(15, '051910', 'LG화학', '화학', '화학', '343,500', '▼8,500', -2.41, '161,248', '55,932', 242485, '422,500', 'https://t1.daumcdn.net/finance/chart/kr/daumstock/d/mini/D2011029.png?t=202004171657'),
	(16, '005940', 'NH투자증권', '증권', '증권', '8,980', '▼160', -1.75, '394,407', '3,548', 25271, '15,000', 'https://t1.daumcdn.net/finance/chart/kr/daumstock/d/mini/D2011029.png?t=202004171657'),
	(17, '008560', '메리츠증권', '증권', '증권', '3,265', '▼25', -0.76, '847,977', '2,768', 20155, '5,650', 'https://t1.daumcdn.net/finance/chart/kr/daumstock/d/mini/D2011029.png?t=202004171657'),
	(18, '057050', '현대홈쇼핑', '유통업', '인터넷과 카탈로그 소매', '66,100', '▼600', -0.9, '7,371', '484', 7932, '107,500', 'https://t1.daumcdn.net/finance/chart/kr/daumstock/d/mini/D2011029.png?t=202004171657'),
	(19, '011070', 'LG이노텍', '전기,전자', '전자장비와 기기', '147,000', '▲1,000', 0.68, '90,134', '13,217', 34791, '163,500', 'https://t1.daumcdn.net/finance/chart/kr/daumstock/d/mini/D2011029.png?t=202004171657'),
	(20, '009830', '한화솔루션', '화학', '화학', '15,500', '▲50', 0.32, '782,534', '12,202', 25029, '23,650', 'https://t1.daumcdn.net/finance/chart/kr/daumstock/d/mini/D2011029.png?t=202004171657'),
	(21, '031430', '신세계인터내셔날', '유통업', '섬유, 의류, 신발, 호화품', '194,500', '-', 0, '13,942', '2,743', 13887, '312,000', 'https://t1.daumcdn.net/finance/chart/kr/daumstock/d/mini/D2011029.png?t=202004171658'),
	(22, '016360', '삼성증권', '증권', '증권', '27,100', '▼450', -1.63, '171,044', '4,647', 24200, '39,700', 'https://t1.daumcdn.net/finance/chart/kr/daumstock/d/mini/D2011029.png?t=202004171658'),
	(23, '035420', 'NAVER', '서비스업', '양방향미디어와서비스', '217,500', '▼1,000', -0.46, '302,202', '65,893', 357273, '226,500', 'https://t1.daumcdn.net/finance/chart/kr/daumstock/d/mini/D2011029.png?t=202004171658'),
	(24, '005930', '삼성전자', '전기,전자', '반도체와 반도체 장비', '47,750', '▼800', -1.65, '6,940,662', '332,006', 2850571, '62,800', 'https://t1.daumcdn.net/finance/chart/kr/daumstock/d/mini/D2011029.png?t=202004171658'),
	(25, '051900', 'LG생활건강', '화학', '화장품', '1,437,000', '-', 0, '11,335', '16,309', 224433, '1,457,000', 'https://t1.daumcdn.net/finance/chart/kr/daumstock/d/mini/D2011029.png?t=202004171658'),
	(26, '008770', '호텔신라', '유통업', '호텔, 레스토랑, 레저', '79,600', '▼700', -0.87, '170,081', '13,647', 31242, '111,000', 'https://t1.daumcdn.net/finance/chart/kr/daumstock/d/mini/D2011029.png?t=202004171658'),
	(27, '207940', '삼성바이오로직스', '의약품', '제약', '607,000', '▼9,000', -1.46, '80,798', '49,283', 401622, '619,000', 'https://t1.daumcdn.net/finance/chart/kr/daumstock/d/mini/D2011029.png?t=202004171658'),
	(28, '000210', '대림산업', '건설업', '건설', '78,900', '▼2,200', -2.71, '106,009', '8,420', 27457, '122,500', 'https://t1.daumcdn.net/finance/chart/kr/daumstock/d/mini/D2011029.png?t=202004171658'),
	(29, '090430', '아모레퍼시픽', '화학', '화장품', '173,500', '▼1,500', -0.86, '107,139', '18,753', 101425, '240,500', 'https://t1.daumcdn.net/finance/chart/kr/daumstock/d/mini/D2011029.png?t=202004171658'),
	(30, '093370', '후성', '화학', '화학', '6,970', '▼90', -1.27, '788,103', '5,549', 6455, '13,650', 'https://t1.daumcdn.net/finance/chart/kr/daumstock/d/mini/D2011029.png?t=202004171658'),
	(31, '034730', 'SK', '금융업', '복합기업', '183,000', '▼2,000', -1.08, '84,473', '15,432', 128759, '278,000', 'https://t1.daumcdn.net/finance/chart/kr/daumstock/d/mini/D2011029.png?t=202004171659'),
	(32, '103140', '풍산', '철강및금속', '비철금속', '19,050', '▼250', -1.3, '36,979', '704', 5339, '27,000', 'https://t1.daumcdn.net/finance/chart/kr/daumstock/d/mini/D2011029.png?t=202004171659'),
	(33, '000070', '삼양홀딩스', '금융업', '식품', '48,900', '▼550', -1.11, '5,388', '265', 4188, '78,300', 'https://t1.daumcdn.net/finance/chart/kr/daumstock/d/mini/D2011029.png?t=202004171659'),
	(34, '028670', '팬오션', '운수창고', '해운사', '3,265', '▲60', 1.87, '705,359', '2,274', 17454, '5,210', 'https://t1.daumcdn.net/finance/chart/kr/daumstock/d/mini/D2011029.png?t=202004171659'),
	(35, '020000', '한섬', '섬유,의복', '섬유, 의류, 신발, 호화품', '29,950', '▼350', -1.16, '99,771', '2,971', 7377, '46,700', 'https://t1.daumcdn.net/finance/chart/kr/daumstock/d/mini/D2011029.png?t=202004171659'),
	(36, '204320', '만도', '운수장비', '자동차부품', '23,750', '▼550', -2.26, '101,627', '2,434', 11152, '39,400', 'https://t1.daumcdn.net/finance/chart/kr/daumstock/d/mini/D2011029.png?t=202004171659'),
	(37, '028050', '삼성엔지니어링', '서비스업', '건설', '10,800', '▼200', -1.82, '601,313', '6,538', 21168, '19,950', 'https://t1.daumcdn.net/finance/chart/kr/daumstock/d/mini/D2011029.png?t=202004171659'),
	(38, '081660', '휠라홀딩스', '유통업', '섬유, 의류, 신발, 호화품', '30,850', '▼900', -2.83, '173,520', '5,404', 18742, '87,900', 'https://t1.daumcdn.net/finance/chart/kr/daumstock/d/mini/D2011029.png?t=202004171659'),
	(39, '086280', '현대글로비스', '운수창고', '항공화물운송과 물류', '99,000', '▼900', -0.9, '37,302', '3,703', 37125, '169,000', 'https://t1.daumcdn.net/finance/chart/kr/daumstock/d/mini/D2011029.png?t=202004171659'),
	(40, '241560', '두산밥캣', '기계', '기계', '23,250', '▼450', -1.9, '117,498', '2,744', 23308, '37,750', 'https://t1.daumcdn.net/finance/chart/kr/daumstock/d/mini/D2011029.png?t=202004171659'),
	(41, '035720', '카카오', '서비스업', '양방향미디어와서비스', '219,000', '▲2,500', 1.15, '439,092', '95,881', 190683, '221,000', 'https://t1.daumcdn.net/finance/chart/kr/daumstock/d/mini/D2011029.png?t=202004171659'),
	(42, '018260', '삼성에스디에스', '서비스업', 'IT서비스', '176,000', '▼3,000', -1.68, '69,083', '12,233', 136185, '221,000', 'https://t1.daumcdn.net/finance/chart/kr/daumstock/d/mini/D2011029.png?t=202004171659'),
	(43, '069960', '현대백화점', '유통업', '백화점과 일반상점', '65,800', '▼500', -0.75, '29,523', '1,945', 15399, '91,300', 'https://t1.daumcdn.net/finance/chart/kr/daumstock/d/mini/D2011029.png?t=202004171659'),
	(44, '079160', 'CJ CGV', '서비스업', '방송과엔터테인먼트', '21,400', '▼600', -2.73, '104,192', '2,241', 4529, '40,400', 'https://t1.daumcdn.net/finance/chart/kr/daumstock/d/mini/D2011029.png?t=202004171659'),
	(45, '002790', '아모레G', '화학', '화장품', '54,200', '▼900', -1.63, '50,546', '2,765', 44692, '92,700', 'https://t1.daumcdn.net/finance/chart/kr/daumstock/d/mini/D2011029.png?t=202004171659'),
	(46, '161390', '한국타이어앤테크놀로지', '화학', '자동차부품', '20,650', '▼400', -1.9, '158,960', '3,301', 25580, '37,600', 'https://t1.daumcdn.net/finance/chart/kr/daumstock/d/mini/D2011029.png?t=202004171659'),
	(47, '073240', '금호타이어', '화학', '자동차부품', '2,985', '▼45', -1.49, '174,275', '521', 8575, '4,625', 'https://t1.daumcdn.net/finance/chart/kr/daumstock/d/mini/D2011029.png?t=202004171659'),
	(48, '060980', '한라홀딩스', '금융업', '자동차부품', '28,200', '▼500', -1.74, '11,609', '327', 2953, '49,200', 'https://t1.daumcdn.net/finance/chart/kr/daumstock/d/mini/D2011029.png?t=202004171659'),
	(49, '000660', 'SK하이닉스', '전기,전자', '반도체와 반도체 장비', '81,400', '▼2,200', -2.63, '2,200,229', '179,788', 592594, '106,000', 'https://t1.daumcdn.net/finance/chart/kr/daumstock/d/mini/D2011029.png?t=202004171659'),
	(50, '004020', '현대제철', '철강및금속', '철강', '19,400', '▼300', -1.52, '190,509', '3,711', 25888, '43,200', 'https://t1.daumcdn.net/finance/chart/kr/daumstock/d/mini/D2011029.png?t=202004171659'),
	(51, '004990', '롯데지주', '금융업', '식품', '37,050', '▼450', -1.2, '318,664', '11,921', 38869, '47,250', 'https://t1.daumcdn.net/finance/chart/kr/daumstock/d/mini/D2011029.png?t=202004171700'),
	(52, '030000', '제일기획', '서비스업', '광고', '16,950', '-', 0, '159,987', '2,707', 19499, '29,900', 'https://t1.daumcdn.net/finance/chart/kr/daumstock/d/mini/D2011029.png?t=202004171700'),
	(53, '170900', '동아에스티', '의약품', '제약', '88,400', '-', 0, '7,169', '634', 7464, '119,500', 'https://t1.daumcdn.net/finance/chart/kr/daumstock/d/mini/D2011029.png?t=202004171700'),
	(54, '294870', 'HDC현대산업개발', '건설업', '건설', '18,450', '▼300', -1.6, '195,011', '3,590', 12160, '43,857', 'https://t1.daumcdn.net/finance/chart/kr/daumstock/d/mini/D2011029.png?t=202004171700'),
	(55, '000120', 'CJ대한통운', '운수창고', '항공화물운송과 물류', '145,500', '▼3,000', -2.02, '53,425', '7,792', 33192, '169,000', 'https://t1.daumcdn.net/finance/chart/kr/daumstock/d/mini/D2011029.png?t=202004171700'),
	(56, '034220', 'LG디스플레이', '전기,전자', '디스플레이 패널', '10,150', '▼250', -2.4, '717,696', '7,316', 36318, '18,350', 'https://t1.daumcdn.net/finance/chart/kr/daumstock/d/mini/D2011029.png?t=202004171700'),
	(57, '047050', '포스코인터내셔널', '유통업', '무역회사와 판매업체', '13,400', '▼450', -3.25, '133,541', '1,814', 16532, '19,950', 'https://t1.daumcdn.net/finance/chart/kr/daumstock/d/mini/D2011029.png?t=202004171700'),
	(58, '000270', '기아차', '운수장비', '자동차', '29,000', '▼700', -2.36, '653,941', '19,060', 117555, '46,900', 'https://t1.daumcdn.net/finance/chart/kr/daumstock/d/mini/D2011029.png?t=202004171700'),
	(59, '007070', 'GS리테일', '유통업', '백화점과 일반상점', '43,650', '▲3,650', 9.13, '929,813', '39,914', 33611, '44,900', 'https://t1.daumcdn.net/finance/chart/kr/daumstock/d/mini/D2011029.png?t=202004171700'),
	(60, '012330', '현대모비스', '운수장비', '자동차부품', '169,000', '▼1,500', -0.88, '55,434', '9,395', 160642, '268,500', 'https://t1.daumcdn.net/finance/chart/kr/daumstock/d/mini/D2011029.png?t=202004171700'),
	(61, '161890', '한국콜마', '화학', '화장품', '41,950', '▼100', -0.24, '59,966', '2,526', 9599, '71,300', 'https://t1.daumcdn.net/finance/chart/kr/daumstock/d/mini/D2011029.png?t=202004171700'),
	(62, '093050', 'LF', '섬유,의복', '섬유, 의류, 신발, 호화품', '12,500', '▼300', -2.34, '39,227', '494', 3655, '26,150', 'https://t1.daumcdn.net/finance/chart/kr/daumstock/d/mini/D2011029.png?t=202004171700'),
	(63, '009240', '한샘', '유통업', '가구', '86,800', '▲800', 0.93, '105,294', '9,196', 20427, '92,700', 'https://t1.daumcdn.net/finance/chart/kr/daumstock/d/mini/D2011029.png?t=202004171700'),
	(64, '282330', 'BGF리테일', '유통업', '백화점과 일반상점', '157,500', '▲6,000', 3.96, '55,016', '8,609', 27222, '225,000', 'https://t1.daumcdn.net/finance/chart/kr/daumstock/d/mini/D2011029.png?t=202004171700'),
	(65, '012450', '한화에어로스페이스', '운수장비', '우주항공과 국방', '23,350', '▼950', -3.91, '223,106', '5,248', 11822, '44,800', 'https://t1.daumcdn.net/finance/chart/kr/daumstock/d/mini/D2011029.png?t=202004171700'),
	(66, '023530', '롯데쇼핑', '유통업', '백화점과 일반상점', '87,400', '▼1,100', -1.24, '41,002', '3,599', 24724, '169,000', 'https://t1.daumcdn.net/finance/chart/kr/daumstock/d/mini/D2011029.png?t=202004171700'),
	(67, '010060', 'OCI', '화학', '화학', '37,300', '▼600', -1.58, '50,487', '1,890', 8896, '97,600', 'https://t1.daumcdn.net/finance/chart/kr/daumstock/d/mini/D2011029.png?t=202004171700'),
	(68, '049770', '동원F&B', '음식료품', '식품', '205,500', '▼2,500', -1.2, '1,641', '338', 7930, '310,500', 'https://t1.daumcdn.net/finance/chart/kr/daumstock/d/mini/D2011029.png?t=202004171700'),
	(69, '001230', '동국제강', '철강및금속', '철강', '3,870', '▼55', -1.4, '93,162', '362', 3693, '7,380', 'https://t1.daumcdn.net/finance/chart/kr/daumstock/d/mini/D2011029.png?t=202004171700'),
	(70, '009540', '한국조선해양', '운수장비', '조선', '76,800', '▼1,200', -1.54, '78,695', '6,065', 54354, '133,000', 'https://t1.daumcdn.net/finance/chart/kr/daumstock/d/mini/D2011029.png?t=202004171700'),
	(71, '138930', 'BNK금융지주', '금융업', '은행', '4,465', '▼95', -2.08, '643,758', '2,885', 14553, '7,900', 'https://t1.daumcdn.net/finance/chart/kr/daumstock/d/mini/D2011029.png?t=202004171701'),
	(72, '006260', 'LS', '금융업', '전기장비', '33,950', '▼900', -2.58, '43,931', '1,499', 10932, '51,900', 'https://t1.daumcdn.net/finance/chart/kr/daumstock/d/mini/D2011029.png?t=202004171701'),
	(73, '105630', '한세실업', '섬유,의복', '섬유, 의류, 신발, 호화품', '11,100', '▼150', -1.33, '37,895', '424', 4440, '30,450', 'https://t1.daumcdn.net/finance/chart/kr/daumstock/d/mini/D2011029.png?t=202004171701'),
	(74, '010620', '현대미포조선', '운수장비', '조선', '28,700', '▼750', -2.55, '84,348', '2,427', 11463, '52,200', 'https://t1.daumcdn.net/finance/chart/kr/daumstock/d/mini/D2011029.png?t=202004171701'),
	(75, '030200', 'KT', '통신업', '다각화된 통신서비스', '24,050', '▲250', 1.05, '582,688', '13,993', 62797, '28,750', 'https://t1.daumcdn.net/finance/chart/kr/daumstock/d/mini/D2011029.png?t=202004171701'),
	(76, '032830', '삼성생명', '보험', '생명보험', '44,800', '▼600', -1.32, '313,580', '14,089', 89600, '84,500', 'https://t1.daumcdn.net/finance/chart/kr/daumstock/d/mini/D2011029.png?t=202004171701'),
	(77, '034020', '두산중공업', '기계', '기계', '3,890', '▼15', -0.38, '663,814', '2,604', 9847, '7,410', 'https://t1.daumcdn.net/finance/chart/kr/daumstock/d/mini/D2011029.png?t=202004171701'),
	(78, '047810', '한국항공우주', '운수장비', '우주항공과 국방', '23,400', '▼500', -2.09, '187,697', '4,402', 22809, '42,100', 'https://t1.daumcdn.net/finance/chart/kr/daumstock/d/mini/D2011029.png?t=202004171701'),
	(79, '267250', '현대중공업지주', '화학', '석유와 가스', '235,500', '▼4,500', -1.88, '10,274', '2,428', 38355, '362,000', 'https://t1.daumcdn.net/finance/chart/kr/daumstock/d/mini/D2011029.png?t=202004171701'),
	(80, '079430', '현대리바트', '유통업', '가구', '14,900', '▼550', -3.56, '347,946', '5,211', 3060, '19,950', 'https://t1.daumcdn.net/finance/chart/kr/daumstock/d/mini/D2011029.png?t=202004171701'),
	(81, '021240', '코웨이', '서비스업', '가정용 기기와 용품', '61,600', '▼400', -0.65, '82,669', '5,108', 45461, '100,000', 'https://t1.daumcdn.net/finance/chart/kr/daumstock/d/mini/D2011029.png?t=202004171702'),
	(82, '004000', '롯데정밀화학', '화학', '화학', '35,250', '▼650', -1.81, '29,248', '1,037', 9095, '55,300', 'https://t1.daumcdn.net/finance/chart/kr/daumstock/d/mini/D2011029.png?t=202004171702'),
	(83, '024110', '기업은행', '은행', '은행', '7,350', '▼100', -1.34, '641,437', '4,721', 44580, '14,200', 'https://t1.daumcdn.net/finance/chart/kr/daumstock/d/mini/D2011029.png?t=202004171702'),
	(84, '086790', '하나금융지주', '금융업', '은행', '25,100', '▼700', -2.71, '630,021', '15,872', 75361, '38,850', 'https://t1.daumcdn.net/finance/chart/kr/daumstock/d/mini/D2011029.png?t=202004171702'),
	(85, '001740', 'SK네트웍스', '유통업', '복합기업', '4,955', '▼105', -2.08, '269,541', '1,342', 12298, '6,160', 'https://t1.daumcdn.net/finance/chart/kr/daumstock/d/mini/D2011029.png?t=202004171702'),
	(86, '028260', '삼성물산', '유통업', '복합기업', '98,500', '▼1,500', -1.5, '164,249', '16,232', 184084, '121,500', 'https://t1.daumcdn.net/finance/chart/kr/daumstock/d/mini/D2011029.png?t=202004171702'),
	(87, '004490', '세방전지', '전기,전자', '자동차부품', '28,650', '▼250', -0.87, '14,028', '402', 4011, '45,500', 'https://t1.daumcdn.net/finance/chart/kr/daumstock/d/mini/D2011029.png?t=202004171702'),
	(88, '001040', 'CJ', '금융업', '복합기업', '79,600', '▲600', 0.76, '36,431', '2,914', 23225, '108,000', 'https://t1.daumcdn.net/finance/chart/kr/daumstock/d/mini/D2011029.png?t=202004171702'),
	(89, '079550', 'LIG넥스원', '기계', '우주항공과 국방', '25,000', '▼1,200', -4.58, '190,587', '4,846', 5500, '36,700', 'https://t1.daumcdn.net/finance/chart/kr/daumstock/d/mini/D2011029.png?t=202004171702'),
	(90, '000880', '한화', '화학', '화학', '18,850', '▼300', -1.57, '63,720', '1,206', 14130, '28,300', 'https://t1.daumcdn.net/finance/chart/kr/daumstock/d/mini/D2011029.png?t=202004171702'),
	(91, '003520', '영진약품', '의약품', '제약', '5,220', '▼120', -2.25, '1,056,249', '5,554', 9547, '6,910', 'https://t1.daumcdn.net/finance/chart/kr/daumstock/d/mini/D2011029.png?t=202004171703'),
	(92, '051600', '한전KPS', '건설업', '전기 유틸리티', '31,450', '▲800', 2.61, '86,713', '2,708', 14153, '41,300', 'https://t1.daumcdn.net/finance/chart/kr/daumstock/d/mini/D2011029.png?t=202004171703'),
	(93, '006840', 'AK홀딩스', '금융업', '화학', '23,300', '▼700', -2.92, '19,638', '461', 3087, '54,100', 'https://t1.daumcdn.net/finance/chart/kr/daumstock/d/mini/D2011029.png?t=202004171703'),
	(94, '018250', '애경산업', '화학', '가정용품', '26,450', '▼350', -1.31, '25,823', '682', 6985, '51,700', 'https://t1.daumcdn.net/finance/chart/kr/daumstock/d/mini/D2011029.png?t=202004171703'),
	(95, '005180', '빙그레', '음식료품', '식품', '66,700', '▼300', -0.45, '14,404', '958', 6571, '80,500', 'https://t1.daumcdn.net/finance/chart/kr/daumstock/d/mini/D2011029.png?t=202004171703'),
	(96, '008060', '대덕전자', '전기,전자', '전자장비와 기기', '8,210', '-', 0, '0', '0', 6404, '13,350', 'https://t1.daumcdn.net/finance/chart/kr/daumstock/d/mini/D2011029.png?t=202004171703'),
	(97, '066570', 'LG전자', '전기,전자', '전자제품', '54,400', '▼600', -1.09, '152,804', '8,330', 89024, '83,400', 'https://t1.daumcdn.net/finance/chart/kr/daumstock/d/mini/D2011029.png?t=202004171703'),
	(98, '298040', '효성중공업', '전기,전자', '전기장비', '14,700', '▼650', -4.23, '25,578', '380', 1371, '39,250', 'https://t1.daumcdn.net/finance/chart/kr/daumstock/d/mini/D2011029.png?t=202004171703'),
	(99, '010120', 'LS ELECTRIC', '전기,전자', '전기장비', '37,800', '▼150', -0.4, '58,546', '2,231', 11340, '55,100', 'https://t1.daumcdn.net/finance/chart/kr/daumstock/d/mini/D2011029.png?t=202004171703'),
	(100, '047040', '대우건설', '건설업', '건설', '3,460', '▲15', 0.44, '989,051', '3,461', 14381, '5,130', 'https://t1.daumcdn.net/finance/chart/kr/daumstock/d/mini/D2011029.png?t=202004171703'),
	(101, '108670', 'LG하우시스', '화학', '건축자재', '57,100', '▲2,200', 4.01, '85,120', '4,810', 5121, '64,900', 'https://t1.daumcdn.net/finance/chart/kr/daumstock/d/mini/D2011029.png?t=202004171703'),
	(102, '005440', '현대그린푸드', '유통업', '식품과 기본식료품 소매', '8,050', '▼120', -1.47, '88,475', '713', 7865, '13,550', 'https://t1.daumcdn.net/finance/chart/kr/daumstock/d/mini/D2011029.png?t=202004171703'),
	(103, '115390', '락앤락', '화학', '포장재', '11,000', '▼50', -0.45, '42,341', '467', 5961, '17,000', 'https://t1.daumcdn.net/finance/chart/kr/daumstock/d/mini/D2011029.png?t=202004171703'),
	(104, '111770', '영원무역', '유통업', '섬유, 의류, 신발, 호화품', '24,450', '▼850', -3.36, '64,529', '1,587', 10834, '42,550', 'https://t1.daumcdn.net/finance/chart/kr/daumstock/d/mini/D2011029.png?t=202004171703'),
	(105, '015760', '한국전력', '전기가스업', '전기 유틸리티', '22,850', '▲850', 3.86, '2,992,318', '67,821', 146689, '29,500', 'https://t1.daumcdn.net/finance/chart/kr/daumstock/d/mini/D2011029.png?t=202004171703'),
	(106, '000240', '한국테크놀로지그룹', '금융업', '자동차부품', '9,550', '▼150', -1.55, '23,176', '222', 8883, '17,450', 'https://t1.daumcdn.net/finance/chart/kr/daumstock/d/mini/D2011029.png?t=202004171703'),
	(107, '010950', 'S-Oil', '화학', '석유와 가스', '65,400', '▼1,100', -1.65, '137,417', '8,992', 73629, '107,000', 'https://t1.daumcdn.net/finance/chart/kr/daumstock/d/mini/D2011029.png?t=202004171703'),
	(108, '055550', '신한지주', '금융업', '은행', '28,900', '▼550', -1.87, '523,804', '15,192', 139423, '48,000', 'https://t1.daumcdn.net/finance/chart/kr/daumstock/d/mini/D2011029.png?t=202004171703'),
	(109, '000150', '두산', '서비스업', '복합기업', '38,650', '▼850', -2.15, '40,684', '1,569', 6386, '112,500', 'https://t1.daumcdn.net/finance/chart/kr/daumstock/d/mini/D2011029.png?t=202004171703'),
	(110, '010140', '삼성중공업', '운수장비', '조선', '4,045', '▼60', -1.46, '989,944', '4,010', 25484, '8,470', 'https://t1.daumcdn.net/finance/chart/kr/daumstock/d/mini/D2011029.png?t=202004171703'),
	(111, '316140', '우리금융지주', '금융업', '은행', '7,860', '▼150', -1.87, '485,116', '3,827', 56770, '14,500', 'https://t1.daumcdn.net/finance/chart/kr/daumstock/d/mini/D2011029.png?t=202004171704'),
	(112, '005380', '현대차', '운수장비', '자동차', '91,600', '▼1,500', -1.61, '352,658', '32,517', 195720, '143,500', 'https://t1.daumcdn.net/finance/chart/kr/daumstock/d/mini/D2011029.png?t=202004171704'),
	(113, '105560', 'KB금융', '금융업', '은행', '31,000', '▼450', -1.43, '637,277', '19,787', 128900, '50,800', 'https://t1.daumcdn.net/finance/chart/kr/daumstock/d/mini/D2011029.png?t=202004171704'),
	(114, '002350', '넥센타이어', '화학', '자동차부품', '5,750', '▼130', -2.21, '101,120', '583', 5616, '10,550', 'https://t1.daumcdn.net/finance/chart/kr/daumstock/d/mini/D2011029.png?t=202004171704'),
	(115, '011170', '롯데케미칼', '화학', '화학', '183,500', '▼4,000', -2.13, '48,206', '8,898', 62895, '274,500', 'https://t1.daumcdn.net/finance/chart/kr/daumstock/d/mini/D2011029.png?t=202004171704'),
	(116, '017670', 'SK텔레콤', '통신업', '무선통신서비스', '205,500', '▼1,000', -0.48, '66,439', '13,689', 165932, '264,500', 'https://t1.daumcdn.net/finance/chart/kr/daumstock/d/mini/D2011029.png?t=202004171704'),
	(117, '008930', '한미사이언스', '금융업', '제약', '27,400', '▼2,850', -9.42, '413,844', '11,294', 18087, '70,999', 'https://t1.daumcdn.net/finance/chart/kr/daumstock/d/mini/D2011029.png?t=202004171704'),
	(118, '010780', '아이에스동서', '비금속광물', '건설', '25,250', '▼850', -3.26, '35,150', '890', 7800, '39,550', 'https://t1.daumcdn.net/finance/chart/kr/daumstock/d/mini/D2011029.png?t=202004171704'),
	(119, '018880', '한온시스템', '기계', '자동차부품', '8,800', '▼180', -2, '515,534', '4,570', 46974, '12,600', 'https://t1.daumcdn.net/finance/chart/kr/daumstock/d/mini/D2011029.png?t=202004171704'),
	(120, '003920', '남양유업', '음식료품', '식품', '324,000', '▲7,500', 2.37, '5,940', '1,960', 2333, '609,000', 'https://t1.daumcdn.net/finance/chart/kr/daumstock/d/mini/D2011029.png?t=202004171704'),
	(121, '003240', '태광산업', '화학', '화학', '746,000', '▼9,000', -1.19, '203', '152', 8306, '1,499,000', 'https://t1.daumcdn.net/finance/chart/kr/daumstock/d/mini/D2011029.png?t=202004171705'),
	(122, '128940', '한미약품', '의약품', '제약', '254,000', '▼25,000', -8.96, '193,231', '49,466', 30081, '414,446', 'https://t1.daumcdn.net/finance/chart/kr/daumstock/d/mini/D2011029.png?t=202004171705'),
	(123, '019680', '대교', '서비스업', '교육서비스', '4,605', '▼15', -0.32, '76,864', '356', 3901, '6,910', 'https://t1.daumcdn.net/finance/chart/kr/daumstock/d/mini/D2011029.png?t=202004171705'),
	(124, '036460', '한국가스공사', '전기가스업', '가스 유틸리티', '27,050', '▼100', -0.37, '130,495', '3,563', 24971, '45,250', 'https://t1.daumcdn.net/finance/chart/kr/daumstock/d/mini/D2011029.png?t=202004171705'),
	(125, '000640', '동아쏘시오홀딩스', '금융업', '제약', '85,600', '▼1,100', -1.27, '3,239', '278', 5254, '109,500', 'https://t1.daumcdn.net/finance/chart/kr/daumstock/d/mini/D2011029.png?t=202004171705'),
	(126, '001430', '세아베스틸', '철강및금속', '철강', '9,610', '▼210', -2.14, '26,224', '252', 3446, '19,100', 'https://t1.daumcdn.net/finance/chart/kr/daumstock/d/mini/D2011029.png?t=202004171705'),
	(127, '000100', '유한양행', '의약품', '제약', '51,900', '▲800', 1.57, '424,275', '22,067', 34699, '55,300', 'https://t1.daumcdn.net/finance/chart/kr/daumstock/d/mini/D2011029.png?t=202004171705'),
	(128, '002380', 'KCC', '화학', '건축자재', '142,500', '▼4,500', -3.06, '24,886', '3,579', 12663, '285,000', 'https://t1.daumcdn.net/finance/chart/kr/daumstock/d/mini/D2011029.png?t=202004171705'),
	(129, '000990', 'DB하이텍', '전기,전자', '반도체와 반도체 장비', '27,550', '-', 0, '324,102', '8,937', 12232, '32,800', 'https://t1.daumcdn.net/finance/chart/kr/daumstock/d/mini/D2011029.png?t=202004171705'),
	(130, '033780', 'KT&G', '담배', '담배', '77,500', '▼1,200', -1.52, '141,183', '11,005', 106402, '106,500', 'https://t1.daumcdn.net/finance/chart/kr/daumstock/d/mini/D2011029.png?t=202004171705'),
	(131, '096770', 'SK이노베이션', '화학', '석유와 가스', '94,100', '▼1,400', -1.47, '118,898', '11,210', 87010, '178,500', 'https://t1.daumcdn.net/finance/chart/kr/daumstock/d/mini/D2011029.png?t=202004171705'),
	(132, '035250', '강원랜드', '서비스업', '호텔, 레스토랑, 레저', '22,700', '▼100', -0.44, '327,690', '7,451', 48564, '33,000', 'https://t1.daumcdn.net/finance/chart/kr/daumstock/d/mini/D2011029.png?t=202004171705'),
	(133, '145990', '삼양사', '음식료품', '식품', '37,800', '▼750', -1.95, '5,661', '215', 3898, '58,400', 'https://t1.daumcdn.net/finance/chart/kr/daumstock/d/mini/D2011029.png?t=202004171705'),
	(134, '026960', '동서', '유통업', '식품', '16,800', '▼150', -0.88, '27,410', '462', 16750, '20,850', 'https://t1.daumcdn.net/finance/chart/kr/daumstock/d/mini/D2011029.png?t=202004171705'),
	(135, '014830', '유니드', '화학', '화학', '41,250', '▼100', -0.24, '6,738', '277', 3667, '52,800', 'https://t1.daumcdn.net/finance/chart/kr/daumstock/d/mini/D2011029.png?t=202004171705'),
	(136, '139480', '이마트', '유통업', '백화점과 일반상점', '112,500', '▲1,000', 0.9, '130,045', '14,704', 31360, '161,000', 'https://t1.daumcdn.net/finance/chart/kr/daumstock/d/mini/D2011029.png?t=202004171705'),
	(137, '029780', '삼성카드', '금융업', '카드', '29,200', '▼150', -0.51, '49,431', '1,440', 33831, '41,750', 'https://t1.daumcdn.net/finance/chart/kr/daumstock/d/mini/D2011029.png?t=202004171705'),
	(138, '011210', '현대위아', '운수장비', '자동차부품', '32,350', '▼400', -1.22, '37,705', '1,222', 8798, '55,500', 'https://t1.daumcdn.net/finance/chart/kr/daumstock/d/mini/D2011029.png?t=202004171705'),
	(139, '001060', 'JW중외제약', '의약품', '제약', '30,150', '▼50', -0.17, '140,024', '4,246', 6307, '33,756', 'https://t1.daumcdn.net/finance/chart/kr/daumstock/d/mini/D2011029.png?t=202004171705'),
	(140, '006360', 'GS건설', '건설업', '건설', '23,800', '▼550', -2.26, '119,196', '2,846', 19063, '42,350', 'https://t1.daumcdn.net/finance/chart/kr/daumstock/d/mini/D2011029.png?t=202004171705'),
	(141, '005300', '롯데칠성', '음식료품', '음료', '107,000', '▼1,500', -1.38, '7,800', '831', 8553, '183,500', 'https://t1.daumcdn.net/finance/chart/kr/daumstock/d/mini/D2011029.png?t=202004171706'),
	(142, '000670', '영풍', '철강및금속', '핸드셋', '520,000', '▼13,000', -2.44, '706', '370', 9579, '760,000', 'https://t1.daumcdn.net/finance/chart/kr/daumstock/d/mini/D2011029.png?t=202004171706'),
	(143, '001120', 'LG상사', '유통업', '무역회사와 판매업체', '13,100', '▼150', -1.13, '64,528', '846', 5078, '19,400', 'https://t1.daumcdn.net/finance/chart/kr/daumstock/d/mini/D2011029.png?t=202004171706'),
	(144, '000720', '현대건설', '건설업', '건설', '32,650', '▼750', -2.25, '183,938', '6,029', 36358, '56,700', 'https://t1.daumcdn.net/finance/chart/kr/daumstock/d/mini/D2011029.png?t=202004171706'),
	(145, '025540', '한국단자', '전기,전자', '자동차부품', '30,950', '▼350', -1.12, '9,764', '301', 3223, '70,300', 'https://t1.daumcdn.net/finance/chart/kr/daumstock/d/mini/D2011029.png?t=202004171706'),
	(146, '012630', 'HDC', '금융업', '건설', '9,220', '▼150', -1.6, '90,029', '830', 5508, '16,350', 'https://t1.daumcdn.net/finance/chart/kr/daumstock/d/mini/D2011029.png?t=202004171706'),
	(147, '114090', 'GKL', '서비스업', '호텔, 레스토랑, 레저', '14,100', '▼200', -1.4, '114,294', '1,638', 8722, '22,900', 'https://t1.daumcdn.net/finance/chart/kr/daumstock/d/mini/D2011029.png?t=202004171706'),
	(148, '001450', '현대해상', '보험', '손해보험', '26,350', '▼350', -1.31, '105,865', '2,791', 23557, '32,650', 'https://t1.daumcdn.net/finance/chart/kr/daumstock/d/mini/D2011029.png?t=202004171706'),
	(149, '002960', '한국쉘석유', '화학', '석유와 가스', '254,500', '▼3,000', -1.17, '412', '105', 3309, '346,500', 'https://t1.daumcdn.net/finance/chart/kr/daumstock/d/mini/D2011029.png?t=202004171706'),
	(150, '002270', '롯데푸드', '음식료품', '식품', '376,000', '▲3,000', 0.8, '1,101', '412', 4256, '612,000', 'https://t1.daumcdn.net/finance/chart/kr/daumstock/d/mini/D2011029.png?t=202004171706'),
	(151, '009420', '한올바이오파마', '의약품', '제약', '24,850', '▲50', 0.2, '149,777', '3,726', 12982, '39,400', 'https://t1.daumcdn.net/finance/chart/kr/daumstock/d/mini/D2011029.png?t=202004171707'),
	(152, '005850', '에스엘', '운수장비', '자동차부품', '13,200', '▼250', -1.86, '33,594', '443', 6363, '25,400', 'https://t1.daumcdn.net/finance/chart/kr/daumstock/d/mini/D2011029.png?t=202004171707'),
	(153, '012750', '에스원', '서비스업', '상업서비스와 공급품', '91,200', '▲200', 0.22, '21,907', '1,989', 34655, '109,000', 'https://t1.daumcdn.net/finance/chart/kr/daumstock/d/mini/D2011029.png?t=202004171707'),
	(154, '002240', '고려제강', '철강및금속', '철강', '13,750', '▼250', -1.79, '7,966', '110', 2750, '27,750', 'https://t1.daumcdn.net/finance/chart/kr/daumstock/d/mini/D2011029.png?t=202004171707'),
	(155, '011780', '금호석유', '화학', '화학', '70,900', '-', 0, '56,118', '3,989', 21602, '103,000', 'https://t1.daumcdn.net/finance/chart/kr/daumstock/d/mini/D2011029.png?t=202004171707'),
	(156, '042660', '대우조선해양', '운수장비', '조선', '16,250', '▼300', -1.81, '57,770', '942', 17421, '33,150', 'https://t1.daumcdn.net/finance/chart/kr/daumstock/d/mini/D2011029.png?t=202004171707'),
	(157, '052690', '한전기술', '서비스업', '전기 유틸리티', '16,300', '▲50', 0.31, '21,616', '352', 6230, '25,350', 'https://t1.daumcdn.net/finance/chart/kr/daumstock/d/mini/D2011029.png?t=202004171707'),
	(158, '192820', '코스맥스', '화학', '화장품', '83,200', '▲100', 0.12, '30,487', '2,540', 8361, '122,000', 'https://t1.daumcdn.net/finance/chart/kr/daumstock/d/mini/D2011029.png?t=202004171707'),
	(159, '071840', '롯데하이마트', '유통업', '전문소매', '26,750', '▼800', -2.9, '40,708', '1,106', 6315, '46,350', 'https://t1.daumcdn.net/finance/chart/kr/daumstock/d/mini/D2011029.png?t=202004171707'),
	(160, '251270', '넷마블', '서비스업', '게임엔터테인먼트', '96,300', '▼7,700', -7.4, '589,701', '56,848', 82618, '131,000', 'https://t1.daumcdn.net/finance/chart/kr/daumstock/d/mini/D2011029.png?t=202004171707'),
	(161, '096760', 'JW홀딩스', '금융업', '제약', '5,110', '▼30', -0.58, '440,073', '2,280', 3396, '7,727', 'https://t1.daumcdn.net/finance/chart/kr/daumstock/d/mini/D2011029.png?t=202004171707'),
	(162, '006120', 'SK디스커버리', '금융업', '석유와 가스', '26,850', '▼200', -0.74, '54,946', '1,483', 5112, '35,700', 'https://t1.daumcdn.net/finance/chart/kr/daumstock/d/mini/D2011029.png?t=202004171707'),
	(163, '004800', '효성', '금융업', '복합기업', '67,000', '▼1,300', -1.9, '28,150', '1,896', 14118, '97,900', 'https://t1.daumcdn.net/finance/chart/kr/daumstock/d/mini/D2011029.png?t=202004171707'),
	(164, '192400', '쿠쿠홀딩스', '금융업', '가정용 기기와 용품', '87,000', '▼1,500', -1.69, '1,601', '140', 6188, '170,000', 'https://t1.daumcdn.net/finance/chart/kr/daumstock/d/mini/D2011029.png?t=202004171707'),
	(165, '005490', 'POSCO', '철강및금속', '철강', '169,000', '▼4,000', -2.31, '119,322', '20,290', 147346, '253,500', 'https://t1.daumcdn.net/finance/chart/kr/daumstock/d/mini/D2011029.png?t=202004171707'),
	(166, '000810', '삼성화재', '보험', '손해보험', '191,000', '▲2,000', 1.06, '48,193', '9,180', 90486, '287,000', 'https://t1.daumcdn.net/finance/chart/kr/daumstock/d/mini/D2011029.png?t=202004171707'),
	(167, '032640', 'LG유플러스', '통신업', '무선통신서비스', '13,950', '▼250', -1.76, '630,251', '8,830', 60907, '15,850', 'https://t1.daumcdn.net/finance/chart/kr/daumstock/d/mini/D2011029.png?t=202004171707'),
	(168, '097950', 'CJ제일제당', '음식료품', '식품', '291,000', '▼1,000', -0.34, '26,994', '7,850', 43808, '302,500', 'https://t1.daumcdn.net/finance/chart/kr/daumstock/d/mini/D2011029.png?t=202004171707'),
	(169, '005250', '녹십자홀딩스', '서비스업', '제약', '22,800', '▼500', -2.15, '66,127', '1,524', 10722, '27,350', 'https://t1.daumcdn.net/finance/chart/kr/daumstock/d/mini/D2011029.png?t=202004171707'),
	(170, '001800', '오리온홀딩스', '금융업', '식품', '14,450', '▼50', -0.34, '44,356', '639', 9052, '19,450', 'https://t1.daumcdn.net/finance/chart/kr/daumstock/d/mini/D2011029.png?t=202004171708'),
	(171, '120110', '코오롱인더', '화학', '화학', '29,900', '▼400', -1.32, '52,987', '1,588', 8067, '51,900', 'https://t1.daumcdn.net/finance/chart/kr/daumstock/d/mini/D2011029.png?t=202004171708'),
	(172, '005610', 'SPC삼립', '음식료품', '식품', '72,600', '▼700', -0.95, '2,174', '158', 6265, '123,000', 'https://t1.daumcdn.net/finance/chart/kr/daumstock/d/mini/D2011029.png?t=202004171708'),
	(173, '027410', 'BGF', '금융업', '백화점과 일반상점', '4,560', '▼10', -0.22, '88,437', '407', 4365, '7,920', 'https://t1.daumcdn.net/finance/chart/kr/daumstock/d/mini/D2011029.png?t=202004171708'),
	(174, '007310', '오뚜기', '음식료품', '식품', '532,000', '▼6,000', -1.12, '1,350', '718', 19180, '735,000', 'https://t1.daumcdn.net/finance/chart/kr/daumstock/d/mini/D2011029.png?t=202004171708'),
	(175, '005830', 'DB손해보험', '보험', '손해보험', '48,000', '▲800', 1.69, '101,312', '4,838', 33984, '63,700', 'https://t1.daumcdn.net/finance/chart/kr/daumstock/d/mini/D2011029.png?t=202004171708'),
	(176, '078930', 'GS', '금융업', '석유와 가스', '36,850', '▼250', -0.67, '76,488', '2,813', 34239, '53,700', 'https://t1.daumcdn.net/finance/chart/kr/daumstock/d/mini/D2011029.png?t=202004171708'),
	(177, '003850', '보령제약', '의약품', '제약', '13,350', '▼150', -1.11, '170,428', '2,298', 5901, '16,850', 'https://t1.daumcdn.net/finance/chart/kr/daumstock/d/mini/D2011029.png?t=202004171708'),
	(178, '001680', '대상', '음식료품', '식품', '26,050', '▲200', 0.77, '174,510', '4,511', 9026, '26,850', 'https://t1.daumcdn.net/finance/chart/kr/daumstock/d/mini/D2011029.png?t=202004171708'),
	(179, '000080', '하이트진로', '음식료품', '음료', '35,900', '▲1,400', 4.06, '325,271', '11,544', 25178, '36,200', 'https://t1.daumcdn.net/finance/chart/kr/daumstock/d/mini/D2011029.png?t=202004171708'),
	(180, '025860', '남해화학', '화학', '화학', '7,480', '▼50', -0.66, '29,681', '222', 3716, '11,550', 'https://t1.daumcdn.net/finance/chart/kr/daumstock/d/mini/D2011029.png?t=202004171709'),
	(181, '014820', '동원시스템즈', '화학', '포장재', '23,150', '▼700', -2.94, '6,348', '148', 5931, '45,300', 'https://t1.daumcdn.net/finance/chart/kr/daumstock/d/mini/D2011029.png?t=202004171709'),
	(182, '036570', '엔씨소프트', '서비스업', '게임엔터테인먼트', '752,000', '▲31,000', 4.3, '105,058', '78,247', 165094, '758,000', 'https://t1.daumcdn.net/finance/chart/kr/daumstock/d/mini/D2011029.png?t=202004171709'),
	(183, '003550', 'LG', '금융업', '복합기업', '60,500', '▼200', -0.33, '102,866', '6,198', 104397, '80,200', 'https://t1.daumcdn.net/finance/chart/kr/daumstock/d/mini/D2011029.png?t=202004171709'),
	(184, '004370', '농심', '음식료품', '식품', '317,500', '▼4,000', -1.24, '8,372', '2,659', 19312, '324,000', 'https://t1.daumcdn.net/finance/chart/kr/daumstock/d/mini/D2011029.png?t=202004171709'),
	(185, '285130', 'SK케미칼', '화학', '화학', '82,000', '▲1,600', 1.99, '178,104', '14,576', 9628, '93,200', 'https://t1.daumcdn.net/finance/chart/kr/daumstock/d/mini/D2011029.png?t=202004171709'),
	(186, '001520', '동양', '비금속광물', '건축자재', '1,225', '▼25', -2, '300,537', '371', 2924, '1,875', 'https://t1.daumcdn.net/finance/chart/kr/daumstock/d/mini/D2011029.png?t=202004171709'),
	(187, '271560', '오리온', '음식료품', '식품', '129,500', '-', 0, '43,242', '5,575', 51199, '130,000', 'https://t1.daumcdn.net/finance/chart/kr/daumstock/d/mini/D2011029.png?t=202004171709'),
	(188, '185750', '종근당', '의약품', '제약', '99,900', '▼1,600', -1.58, '19,263', '1,927', 10875, '104,000', 'https://t1.daumcdn.net/finance/chart/kr/daumstock/d/mini/D2011029.png?t=202004171709'),
	(189, '064350', '현대로템', '운수장비', '기계', '17,100', '▼900', -5, '1,151,196', '19,855', 14535, '22,850', 'https://t1.daumcdn.net/finance/chart/kr/daumstock/d/mini/D2011029.png?t=202004171709'),
	(190, '017800', '현대엘리베이', '기계', '기계', '61,800', '▼600', -0.96, '45,150', '2,796', 16809, '98,600', 'https://t1.daumcdn.net/finance/chart/kr/daumstock/d/mini/D2011029.png?t=202004171709'),
	(191, '068270', '셀트리온', '의약품', '제약', '215,000', '-', 0, '397,567', '85,483', 289620, '236,000', 'https://t1.daumcdn.net/finance/chart/kr/daumstock/d/mini/D2011029.png?t=202004171709'),
	(192, '010130', '고려아연', '철강및금속', '비철금속', '367,000', '▼5,500', -1.48, '12,171', '4,481', 69253, '481,500', 'https://t1.daumcdn.net/finance/chart/kr/daumstock/d/mini/D2011029.png?t=202004171709'),
	(193, '003410', '쌍용양회', '비금속광물', '건축자재', '5,100', '▼10', -0.2, '330,176', '1,681', 25697, '6,510', 'https://t1.daumcdn.net/finance/chart/kr/daumstock/d/mini/D2011029.png?t=202004171709'),
	(194, '006650', '대한유화', '화학', '화학', '130,000', '▲1,000', 0.78, '24,748', '3,229', 8450, '150,000', 'https://t1.daumcdn.net/finance/chart/kr/daumstock/d/mini/D2011029.png?t=202004171709'),
	(195, '042670', '두산인프라코어', '기계', '기계', '4,720', '▼20', -0.42, '1,133,476', '5,365', 9825, '6,820', 'https://t1.daumcdn.net/finance/chart/kr/daumstock/d/mini/D2011029.png?t=202004171709'),
	(196, '006280', '녹십자', '의약품', '제약', '147,000', '▼2,500', -1.67, '33,945', '5,026', 17179, '190,000', 'https://t1.daumcdn.net/finance/chart/kr/daumstock/d/mini/D2011029.png?t=202004171709'),
	(197, '069620', '대웅제약', '의약품', '제약', '101,500', '-', 0, '37,052', '3,765', 11760, '182,000', 'https://t1.daumcdn.net/finance/chart/kr/daumstock/d/mini/D2011029.png?t=202004171709'),
	(198, '007570', '일양약품', '의약품', '제약', '34,000', '▼200', -0.58, '111,621', '3,844', 6489, '41,800', 'https://t1.daumcdn.net/finance/chart/kr/daumstock/d/mini/D2011029.png?t=202004171709'),
	(199, '006390', '한일현대시멘트', '비금속광물', '건축자재', '30,000', '▼650', -2.12, '8,226', '248', 5046, '41,400', 'https://t1.daumcdn.net/finance/chart/kr/daumstock/d/mini/D2011029.png?t=202004171709'),
	(200, '003000', '부광약품', '의약품', '제약', '25,700', '▼550', -2.1, '1,848,937', '48,892', 16663, '32,900', 'https://t1.daumcdn.net/finance/chart/kr/daumstock/d/mini/D2011029.png?t=202004171710');
/*!40000 ALTER TABLE `kospi200` ENABLE KEYS */;

-- 테이블 project.likeboard 구조 내보내기
CREATE TABLE IF NOT EXISTS `likeboard` (
  `lno` int(11) NOT NULL AUTO_INCREMENT COMMENT '좋아요번호',
  `fcno` int(11) DEFAULT NULL COMMENT '자유게시판댓글번호',
  `lmemid` varchar(50) DEFAULT NULL COMMENT '회원ID',
  PRIMARY KEY (`lno`),
  KEY `LikeBoard_lno_f` (`fcno`),
  CONSTRAINT `LikeBoard_lno_f` FOREIGN KEY (`fcno`) REFERENCES `freecomment` (`fcno`)
) ENGINE=InnoDB DEFAULT CHARSET=utf8 COMMENT='자유게시판댓글좋아요';

-- 테이블 데이터 project.likeboard:~0 rows (대략적) 내보내기
/*!40000 ALTER TABLE `likeboard` DISABLE KEYS */;
/*!40000 ALTER TABLE `likeboard` ENABLE KEYS */;

-- 테이블 project.member 구조 내보내기
CREATE TABLE IF NOT EXISTS `member` (
  `mno` int(11) NOT NULL AUTO_INCREMENT COMMENT '회원번호',
  `mid` varchar(30) NOT NULL COMMENT '회원ID',
  `mnick` varchar(50) NOT NULL COMMENT '닉네임',
  `mpw` varchar(30) NOT NULL COMMENT '비밀번호',
  `mname` varchar(30) NOT NULL COMMENT '이름',
  `mmail` varchar(50) NOT NULL COMMENT '이메일',
  `mphone` varchar(50) NOT NULL COMMENT '전화번호',
  `mdate` date NOT NULL COMMENT '가입일',
  `mdeposit` int(255) NOT NULL COMMENT '예수금포인트',
  `masset` int(255) NOT NULL COMMENT '자산포인트(예수금+보유주식수량*보유주식현재가)',
  PRIMARY KEY (`mno`),
  UNIQUE KEY `Member_mid_u` (`mid`),
  UNIQUE KEY `Member_mmail_u` (`mmail`),
  UNIQUE KEY `Member_mnick_u` (`mnick`),
  UNIQUE KEY `Member_mphone_u` (`mphone`)
) ENGINE=InnoDB AUTO_INCREMENT=3 DEFAULT CHARSET=utf8 COMMENT='회원';

-- 테이블 데이터 project.member:~1 rows (대략적) 내보내기
/*!40000 ALTER TABLE `member` DISABLE KEYS */;
INSERT INTO `member` (`mno`, `mid`, `mnick`, `mpw`, `mname`, `mmail`, `mphone`, `mdate`, `mdeposit`, `masset`) VALUES
	(1, 'testid', 'testnick', 'testpw', 'testname', 'testmail', 'testphone', '2020-05-07', 9900000, 10000000);
/*!40000 ALTER TABLE `member` ENABLE KEYS */;

-- 테이블 project.notice 구조 내보내기
CREATE TABLE IF NOT EXISTS `notice` (
  `nno` int(11) NOT NULL AUTO_INCREMENT COMMENT '글번호',
  `ntitle` varchar(50) DEFAULT NULL COMMENT '제목',
  `ncontent` varchar(255) DEFAULT NULL COMMENT '내용',
  `ndate` date DEFAULT NULL COMMENT '작성일',
  `nhit` int(255) DEFAULT NULL COMMENT '조회수',
  PRIMARY KEY (`nno`)
) ENGINE=InnoDB DEFAULT CHARSET=utf8 COMMENT='공지사항';

-- 테이블 데이터 project.notice:~0 rows (대략적) 내보내기
/*!40000 ALTER TABLE `notice` DISABLE KEYS */;
/*!40000 ALTER TABLE `notice` ENABLE KEYS */;

-- 테이블 project.noticecomment 구조 내보내기
CREATE TABLE IF NOT EXISTS `noticecomment` (
  `ncno` int(11) NOT NULL AUTO_INCREMENT COMMENT '공지사항댓글번호',
  `ncmemid` varchar(50) DEFAULT NULL COMMENT '회원ID',
  `nno` int(11) DEFAULT NULL COMMENT '글번호',
  `ncdate` date DEFAULT NULL COMMENT '작성일',
  PRIMARY KEY (`ncno`),
  KEY `NoticeComment_ncno_f` (`nno`),
  CONSTRAINT `NoticeComment_ncno_f` FOREIGN KEY (`nno`) REFERENCES `notice` (`nno`)
) ENGINE=InnoDB DEFAULT CHARSET=utf8 COMMENT='공지사항댓글';

-- 테이블 데이터 project.noticecomment:~0 rows (대략적) 내보내기
/*!40000 ALTER TABLE `noticecomment` DISABLE KEYS */;
/*!40000 ALTER TABLE `noticecomment` ENABLE KEYS */;

-- 테이블 project.practice 구조 내보내기
CREATE TABLE IF NOT EXISTS `practice` (
  `name` varchar(20) DEFAULT NULL
) ENGINE=InnoDB DEFAULT CHARSET=utf8;

-- 테이블 데이터 project.practice:~0 rows (대략적) 내보내기
/*!40000 ALTER TABLE `practice` DISABLE KEYS */;
/*!40000 ALTER TABLE `practice` ENABLE KEYS */;

-- 테이블 project.simulation 구조 내보내기
CREATE TABLE IF NOT EXISTS `simulation` (
  `sino` int(11) NOT NULL AUTO_INCREMENT COMMENT '모의투자번호',
  `mno` int(11) DEFAULT NULL COMMENT '회원번호',
  `sno` varchar(20) DEFAULT '111' COMMENT '회사코드번호',
  `siquantity` int(255) DEFAULT NULL COMMENT '수량',
  `siprice` int(255) DEFAULT NULL COMMENT '가격',
  `sidate` date DEFAULT NULL COMMENT '거래날짜',
  PRIMARY KEY (`sino`),
  KEY `Simulation_mno_f` (`mno`),
  KEY `Simulation_sno_f` (`sno`),
  CONSTRAINT `Simulation_mno_f` FOREIGN KEY (`mno`) REFERENCES `member` (`mno`),
  CONSTRAINT `Simulation_sno_f` FOREIGN KEY (`sno`) REFERENCES `stock` (`sno`)
) ENGINE=InnoDB AUTO_INCREMENT=11 DEFAULT CHARSET=utf8 COMMENT='모의투자';

-- 테이블 데이터 project.simulation:~10 rows (대략적) 내보내기
/*!40000 ALTER TABLE `simulation` DISABLE KEYS */;
INSERT INTO `simulation` (`sino`, `mno`, `sno`, `siquantity`, `siprice`, `sidate`) VALUES
	(1, 1, 'test', 1000, 50, '2020-05-07'),
	(2, 1, 'test', -500, 100, '2020-05-07'),
	(3, 1, 'test2', 550, 11, '2020-05-07'),
	(4, 1, 'test', 100, 10000, '2020-05-11'),
	(5, 1, 'test', -100, 10000, '2020-05-11'),
	(6, 1, 'test2', 1000000, 1000, '2020-05-11'),
	(7, 1, 'test2', -1000000, 1000, '2020-05-11'),
	(8, 1, 'test', 100000000, 10000, '2020-05-11'),
	(9, 1, 'test', -100000000, 10000, '2020-05-11'),
	(10, 1, 'test', 10, 10000, '2020-05-11');
/*!40000 ALTER TABLE `simulation` ENABLE KEYS */;

-- 테이블 project.stock 구조 내보내기
CREATE TABLE IF NOT EXISTS `stock` (
  `sno` varchar(20) NOT NULL DEFAULT '111' COMMENT '회사코드번호',
  `sname` varchar(50) DEFAULT NULL COMMENT '회사명',
  `sfield` varchar(50) DEFAULT NULL COMMENT '업종',
  `sdetail` varchar(50) DEFAULT NULL COMMENT '세부업종',
  `sprice` int(255) DEFAULT NULL COMMENT '현재가',
  `sdayrate` varchar(50) DEFAULT NULL COMMENT '전일비',
  `schangerate` float DEFAULT NULL COMMENT '등락률',
  `svolume` varchar(50) DEFAULT NULL COMMENT '거래량',
  `sdealprice` varchar(50) DEFAULT NULL COMMENT '거래대금(백만)',
  `stotal` int(255) DEFAULT NULL COMMENT '시가총액(억)',
  `shigh52` varchar(50) DEFAULT NULL COMMENT '52주고가',
  PRIMARY KEY (`sno`)
) ENGINE=InnoDB DEFAULT CHARSET=utf8 COMMENT='실시간주식정보';

-- 테이블 데이터 project.stock:~2 rows (대략적) 내보내기
/*!40000 ALTER TABLE `stock` DISABLE KEYS */;
INSERT INTO `stock` (`sno`, `sname`, `sfield`, `sdetail`, `sprice`, `sdayrate`, `schangerate`, `svolume`, `sdealprice`, `stotal`, `shigh52`) VALUES
	('test', 'testname', 'testfield', 'testdetail', 10000, 'testrate', 0, 'testvolume', 'testdeal', 100000000, 'testhigh'),
	('test2', 'testname2', 'testfield2', 'testdetail2', 1000, 'testrate2', 0, 'testvolume2', 'testdeal2', 10000000, 'testhigh2');
/*!40000 ALTER TABLE `stock` ENABLE KEYS */;

-- 테이블 project.test1member 구조 내보내기
CREATE TABLE IF NOT EXISTS `test1member` (
  `member` int(11) DEFAULT NULL,
  `name` int(11) DEFAULT NULL
) ENGINE=InnoDB DEFAULT CHARSET=utf8;

-- 테이블 데이터 project.test1member:~0 rows (대략적) 내보내기
/*!40000 ALTER TABLE `test1member` DISABLE KEYS */;
/*!40000 ALTER TABLE `test1member` ENABLE KEYS */;

-- 테이블 project.user 구조 내보내기
CREATE TABLE IF NOT EXISTS `user` (
  `userno` int(11) NOT NULL AUTO_INCREMENT,
  `id` varchar(50) DEFAULT NULL,
  `nickname` varchar(50) DEFAULT NULL,
  `pw` varchar(50) DEFAULT NULL,
  `name` varchar(50) DEFAULT NULL,
  `email` varchar(50) DEFAULT NULL,
  `phone` varchar(50) DEFAULT NULL,
  PRIMARY KEY (`userno`)
) ENGINE=InnoDB AUTO_INCREMENT=6 DEFAULT CHARSET=utf8;

-- 테이블 데이터 project.user:~5 rows (대략적) 내보내기
/*!40000 ALTER TABLE `user` DISABLE KEYS */;
INSERT INTO `user` (`userno`, `id`, `nickname`, `pw`, `name`, `email`, `phone`) VALUES
	(1, 'skwls2087', '나진', '1111', '신나진', 'skwls@naver.com', '010-1111-2222'),
	(2, '', '', '', '', '@', '--'),
	(3, '', '', '', '', '@', '--'),
	(4, 'dkdk', 'dd', '1234', 'ss', 'skwls@naver.com', '010-1111-4444'),
	(5, '', '', '', '', '@', '--');
/*!40000 ALTER TABLE `user` ENABLE KEYS */;

/*!40101 SET SQL_MODE=IFNULL(@OLD_SQL_MODE, '') */;
/*!40014 SET FOREIGN_KEY_CHECKS=IF(@OLD_FOREIGN_KEY_CHECKS IS NULL, 1, @OLD_FOREIGN_KEY_CHECKS) */;
/*!40101 SET CHARACTER_SET_CLIENT=@OLD_CHARACTER_SET_CLIENT */;
